Workbook

Sheet Grafische Darstellung
B2: Datum | E2: Andreas | F2: Hannes | G2: Noah | H2: Johannes Paul III
B3: 46023 | E3: 0 | F3: 0 | G3: 0 | H3: 0
B4: 46034 | C4: ='2026'!H9 -> 0.5 | D4: =IF(ISNUMBER(C4),C4,0) -> 0.5 | E4: =E3+'2026'!H9 -> 0.5 | F4: =F3+'2026'!L9 -> 0.5 | G4: =G3+'2026'!P9 -> 0 | H4: =H3+'2026'!T9 -> 0
B5: 46035 | C5: ='2026'!#REF! -> #REF! | D5: =IF(ISNUMBER(C5),C5,0) -> 0 | E5: =E4+'2026'!H10 -> 0.5 | F5: =F4+'2026'!L10 -> 0.5 | G5: =G4+'2026'!P10 -> 0 | H5: =H4+'2026'!T10 -> 0
B6: 46036 | C6: ='2026'!#REF! -> #REF! | D6: =IF(ISNUMBER(C6),C6,0) -> 0 | E6: =E5+'2026'!H11 -> 1.5 | F6: =F5+'2026'!L11 -> 0.5 | G6: =G5+'2026'!P11 -> 0 | H6: =H5+'2026'!T11 -> 0
B7: 46037 | C7: ='2026'!#REF! -> #REF! | D7: =IF(ISNUMBER(C7),C7,0) -> 0 | E7: =E6+'2026'!H12 -> 1.5 | F7: =F6+'2026'!L12 -> 0.5 | G7: =G6+'2026'!P12 -> 0.5 | H7: =H6+'2026'!T12 -> 1
B8: 46038 | C8: ='2026'!#REF! -> #REF! | D8: =IF(ISNUMBER(C8),C8,0) -> 0 | E8: =E7+'2026'!H13 -> 3 | F8: =F7+'2026'!L13 -> 0.5 | G8: =G7+'2026'!P13 -> 0.5 | H8: =H7+'2026'!T13 -> 1
B9: 46041 | C9: ='2026'!#REF! -> #REF! | D9: =IF(ISNUMBER(C9),C9,0) -> 0 | E9: =E8+'2026'!H14 -> 3.5 | F9: =F8+'2026'!L14 -> 1.5 | G9: =G8+'2026'!P14 -> 1.5 | H9: =H8+'2026'!T14 -> 1
B10: 46042 | C10: ='2026'!#REF! -> #REF! | D10: =IF(ISNUMBER(C10),C10,0) -> 0 | E10: =E9+'2026'!H15 -> 4.5 | F10: =F9+'2026'!L15 -> 2.5 | G10: =G9+'2026'!P15 -> 1.5 | H10: =H9+'2026'!T15 -> 2
B11: 46043 | C11: ='2026'!#REF! -> #REF! | D11: =IF(ISNUMBER(C11),C11,0) -> 0 | E11: =E10+'2026'!H16 -> 4.5 | F11: =F10+'2026'!L16 -> 2.5 | G11: =G10+'2026'!P16 -> 2 | H11: =H10+'2026'!T16 -> 2
B12: 46044 | C12: ='2026'!#REF! -> #REF! | D12: =IF(ISNUMBER(C12),C12,0) -> 0 | E12: =E11+'2026'!H17 -> 5.5 | F12: =F11+'2026'!L17 -> 3.5 | G12: =G11+'2026'!P17 -> 2 | H12: =H11+'2026'!T17 -> 2
B13: 46045 | C13: ='2026'!#REF! -> #REF! | D13: =IF(ISNUMBER(C13),C13,0) -> 0 | E13: =E12+'2026'!H18 -> 5.5 | F13: =F12+'2026'!L18 -> 3.5 | G13: =G12+'2026'!P18 -> 2 | H13: =H12+'2026'!T18 -> 2
B14: 46048 | C14: ='2026'!#REF! -> #REF! | D14: =IF(ISNUMBER(C14),C14,0) -> 0 | E14: =E13+'2026'!H19 -> 5.5 | F14: =F13+'2026'!L19 -> 3.5 | G14: =G13+'2026'!P19 -> 3.5 | H14: =H13+'2026'!T19 -> 2
B15: 46049 | C15: ='2026'!#REF! -> #REF! | D15: =IF(ISNUMBER(C15),C15,0) -> 0 | E15: =E14+'2026'!H20 -> 5.5 | F15: =F14+'2026'!L20 -> 3.5 | G15: =G14+'2026'!P20 -> 3.5 | H15: =H14+'2026'!T20 -> 2
B16: 46050 | C16: ='2026'!#REF! -> #REF! | D16: =IF(ISNUMBER(C16),C16,0) -> 0 | E16: =E15+'2026'!H21 -> 5.5 | F16: =F15+'2026'!L21 -> 3.5 | G16: =G15+'2026'!P21 -> 3.5 | H16: =H15+'2026'!T21 -> 2
... B224: 46342 | C224: ='2026'!#REF! -> #REF! | D224: =IF(ISNUMBER(C224),C224,0) -> 0 | E224: =E223+'2026'!H229 -> 44.5 | F224: =F223+'2026'!L229 -> 45.5 | G224: =G223+'2026'!P229 -> 41.5 | H224: =H223+'2026'!T229 -> 41
B225: 46343 | E225: =E224+'2026'!H230 -> 44.5 | F225: =F224+'2026'!L230 -> 45.5 | G225: =G224+'2026'!P230 -> 41.5 | H225: =H224+'2026'!T230 -> 41
B226: 46344 | E226: =E225+'2026'!H231 -> 44.5 | F226: =F225+'2026'!L231 -> 45.5 | G226: =G225+'2026'!P231 -> 41.5 | H226: =H225+'2026'!T231 -> 41
B227: 46345 | E227: =E226+'2026'!H232 -> 44.5 | F227: =F226+'2026'!L232 -> 45.5 | G227: =G226+'2026'!P232 -> 41.5 | H227: =H226+'2026'!T232 -> 41
B228: 46346 | E228: =E227+'2026'!H233 -> 44.5 | F228: =F227+'2026'!L233 -> 45.5 | G228: =G227+'2026'!P233 -> 41.5 | H228: =H227+'2026'!T233 -> 41
B229: 46349 | E229: =E228+'2026'!H234 -> 44.5 | F229: =F228+'2026'!L234 -> 45.5 | G229: =G228+'2026'!P234 -> 41.5 | H229: =H228+'2026'!T234 -> 41
B230: 46350 | E230: =E229+'2026'!H235 -> 44.5 | F230: =F229+'2026'!L235 -> 45.5 | G230: =G229+'2026'!P235 -> 41.5 | H230: =H229+'2026'!T235 -> 41
B231: 46351 | E231: =E230+'2026'!H236 -> 44.5 | F231: =F230+'2026'!L236 -> 45.5 | G231: =G230+'2026'!P236 -> 41.5 | H231: =H230+'2026'!T236 -> 41
B232: 46352 | E232: =E231+'2026'!H237 -> 44.5 | F232: =F231+'2026'!L237 -> 45.5 | G232: =G231+'2026'!P237 -> 41.5 | H232: =H231+'2026'!T237 -> 41
B233: 46353 | E233: =E232+'2026'!H238 -> 44.5 | F233: =F232+'2026'!L238 -> 45.5 | G233: =G232+'2026'!P238 -> 41.5 | H233: =H232+'2026'!T238 -> 41
B234: 46356 | E234: =E233+'2026'!H239 -> 44.5 | F234: =F233+'2026'!L239 -> 45.5 | G234: =G233+'2026'!P239 -> 41.5 | H234: =H233+'2026'!T239 -> 41
B235: 46357 | E235: =E234+'2026'!H240 -> 44.5 | F235: =F234+'2026'!L240 -> 45.5 | G235: =G234+'2026'!P240 -> 41.5 | H235: =H234+'2026'!T240 -> 41
B236: 46358 | E236: =E235+'2026'!H241 -> 44.5 | F236: =F235+'2026'!L241 -> 45.5 | G236: =G235+'2026'!P241 -> 41.5 | H236: =H235+'2026'!T241 -> 41
... B251: 46379 | E251: =E250+'2026'!H256 -> 44.5 | F251: =F250+'2026'!L256 -> 45.5 | G251: =G250+'2026'!P256 -> 41.5 | H251: =H250+'2026'!T256 -> 41

Sheet 2024
A1: Tag | B1: Vorspeise | C1: Hauptspeise | D1: Beilage | E1: Andreas | I1: Johannes | M1: Noah
E2: Vorspeise | F2: Hauptspeise | G2: Beilage | H2: Punkte | I2: Vorspeise | J2: Hauptspeise | K2: Beilage | L2: Punkte | M2: Vorspeise | N2: Hauptspeise | O2: Beilage | P2: Punkte
A3: 45590 | B3: Lasagne | C3: Bo | D3: Bo | E3: Lasagne | F3: Leberkas | G3: Röstkartoffeln | H3: =IF(ISBLANK($B3),$S$12,IF(AND($B3=E3,$C3=F3,$D3=G3),$S$9,IF(AND($B3=E3,OR($C3=F3,$D3=G3)),$S$10+$S$11,IF(OR($B3=E3,AND($C3=F3,$D3=G3)),$S$10,IF(OR($C3=F3,$D3=G3),$S$11))))) -> 1 | I3: Lasagne | J3: Truthahnbraten | K3: Spatzlen | L3: =IF(ISBLANK($B3),$S$12,IF(AND($B3=I3,$C3=J3,$D3=K3),$S$9,IF(AND($B3=I3,OR($C3=J3,$D3=K3)),$S$10+$S$11,IF(OR($B3=I3,AND($C3=J3,$D3=K3)),$S$10,IF(OR($C3=J3,$D3=K3),$S$11))))) -> 1 | M3: Spinatspatzlen | N3: Fisch | O3: Kartoffelsalat | P3: =IF(ISBLANK($B3),$S$12,IF(AND($B3=M3,$C3=N3,$D3=O3),$S$9,IF(AND($B3=M3,OR($C3=N3,$D3=O3)),$S$10+$S$11,IF(OR($B3=M3,AND($C3=N3,$D3=O3)),$S$10,IF(OR($C3=N3,$D3=O3),$S$11))))) -> FALSE
A4: 45593 | B4: Putanesca | C4: Schweinsschopf-braten | D4: Spatzlen | E4: Putanesca | F4: Schweinsschopf-braten | G4: Spatzlen | H4: =IF(ISBLANK($B4),$S$12,IF(AND($B4=E4,$C4=F4,$D4=G4),$S$9,IF(AND($B4=E4,OR($C4=F4,$D4=G4)),$S$10+$S$11,IF(OR($B4=E4,AND($C4=F4,$D4=G4)),$S$10,IF(OR($C4=F4,$D4=G4),$S$11))))) -> 3 | I4: Amatriciana | J4: Truthahn-geschnetzeltes | K4: Reis | L4: =IF(ISBLANK($B4),$S$12,IF(AND($B4=I4,$C4=J4,$D4=K4),$S$9,IF(AND($B4=I4,OR($C4=J4,$D4=K4)),$S$10+$S$11,IF(OR($B4=I4,AND($C4=J4,$D4=K4)),$S$10,IF(OR($C4=J4,$D4=K4),$S$11))))) -> FALSE | M4: Arrabbiata | N4: Truthahnschnitzel mit Champignonsauce | O4: Reis | P4: =IF(ISBLANK($B4),$S$12,IF(AND($B4=M4,$C4=N4,$D4=O4),$S$9,IF(AND($B4=M4,OR($C4=N4,$D4=O4)),$S$10+$S$11,IF(OR($B4=M4,AND($C4=N4,$D4=O4)),$S$10,IF(OR($C4=N4,$D4=O4),$S$11))))) -> FALSE
A5: 45594 | B5: Nudel Ragu | C5: Truthahnbraten | D5: Reis | E5: Knödel | F5: Pizzaioloschnitzel | G5: Ofenkartoffeln | H5: =IF(ISBLANK($B5),$S$12,IF(AND($B5=E5,$C5=F5,$D5=G5),$S$9,IF(AND($B5=E5,OR($C5=F5,$D5=G5)),$S$10+$S$11,IF(OR($B5=E5,AND($C5=F5,$D5=G5)),$S$10,IF(OR($C5=F5,$D5=G5),$S$11))))) -> FALSE | I5: - | J5: - | K5: - | L5: =IF(ISBLANK($B5),$S$12,IF(AND($B5=I5,$C5=J5,$D5=K5),$S$9,IF(AND($B5=I5,OR($C5=J5,$D5=K5)),$S$10+$S$11,IF(OR($B5=I5,AND($C5=J5,$D5=K5)),$S$10,IF(OR($C5=J5,$D5=K5),$S$11))))) -> FALSE | M5: Schlutzer | N5: Hühnerhaxlen | O5: Pommes | P5: =IF(ISBLANK($B5),$S$12,IF(AND($B5=M5,$C5=N5,$D5=O5),$S$9,IF(AND($B5=M5,OR($C5=N5,$D5=O5)),$S$10+$S$11,IF(OR($B5=M5,AND($C5=N5,$D5=O5)),$S$10,IF(OR($C5=N5,$D5=O5),$S$11))))) -> FALSE
A6: 45595 | B6: Pizza | C6: Leberkas | D6: Röstkartoffeln | E6: Schlutzer | F6: Gulasch | G6: Plent | H6: =IF(ISBLANK($B6),$S$12,IF(AND($B6=E6,$C6=F6,$D6=G6),$S$9,IF(AND($B6=E6,OR($C6=F6,$D6=G6)),$S$10+$S$11,IF(OR($B6=E6,AND($C6=F6,$D6=G6)),$S$10,IF(OR($C6=F6,$D6=G6),$S$11))))) -> FALSE | I6: - | J6: - | K6: - | L6: =IF(ISBLANK($B6),$S$12,IF(AND($B6=I6,$C6=J6,$D6=K6),$S$9,IF(AND($B6=I6,OR($C6=J6,$D6=K6)),$S$10+$S$11,IF(OR($B6=I6,AND($C6=J6,$D6=K6)),$S$10,IF(OR($C6=J6,$D6=K6),$S$11))))) -> FALSE | M6: Carbonara | N6: Hauswurst | O6: Kraut | P6: =IF(ISBLANK($B6),$S$12,IF(AND($B6=M6,$C6=N6,$D6=O6),$S$9,IF(AND($B6=M6,OR($C6=N6,$D6=O6)),$S$10+$S$11,IF(OR($B6=M6,AND($C6=N6,$D6=O6)),$S$10,IF(OR($C6=N6,$D6=O6),$S$11))))) -> FALSE
A7: 45596 | B7: Bo | C7: Wienerschnitzel | D7: Kartoffelsalat | E7: Nudel mit Käsesauce | F7: Hauswurst | G7: Kraut | H7: =IF(ISBLANK($B7),$S$12,IF(AND($B7=E7,$C7=F7,$D7=G7),$S$9,IF(AND($B7=E7,OR($C7=F7,$D7=G7)),$S$10+$S$11,IF(OR($B7=E7,AND($C7=F7,$D7=G7)),$S$10,IF(OR($C7=F7,$D7=G7),$S$11))))) -> FALSE | I7: - | J7: - | K7: - | L7: =IF(ISBLANK($B7),$S$12,IF(AND($B7=I7,$C7=J7,$D7=K7),$S$9,IF(AND($B7=I7,OR($C7=J7,$D7=K7)),$S$10+$S$11,IF(OR($B7=I7,AND($C7=J7,$D7=K7)),$S$10,IF(OR($C7=J7,$D7=K7),$S$11))))) -> FALSE | M7: Tortellini mit Ragu | N7: Truthahnschnitzel mit Champignonsauce | O7: Reis | P7: =IF(ISBLANK($B7),$S$12,IF(AND($B7=M7,$C7=N7,$D7=O7),$S$9,IF(AND($B7=M7,OR($C7=N7,$D7=O7)),$S$10+$S$11,IF(OR($B7=M7,AND($C7=N7,$D7=O7)),$S$10,IF(OR($C7=N7,$D7=O7),$S$11))))) -> FALSE
A8: 45607 | B8: Amatriciana | C8: Schweinsschopf-braten | D8: Reis | E8: Spinatspatzlen | F8: Truthahnschnitzel vom Grill | G8: Ofenkartoffeln | H8: =IF(ISBLANK($B8),$S$12,IF(AND($B8=E8,$C8=F8,$D8=G8),$S$9,IF(AND($B8=E8,OR($C8=F8,$D8=G8)),$S$10+$S$11,IF(OR($B8=E8,AND($C8=F8,$D8=G8)),$S$10,IF(OR($C8=F8,$D8=G8),$S$11))))) -> FALSE | I8: Hirten | J8: Truthahnbraten | K8: Pürree | L8: =IF(ISBLANK($B8),$S$12,IF(AND($B8=I8,$C8=J8,$D8=K8),$S$9,IF(AND($B8=I8,OR($C8=J8,$D8=K8)),$S$10+$S$11,IF(OR($B8=I8,AND($C8=J8,$D8=K8)),$S$10,IF(OR($C8=J8,$D8=K8),$S$11))))) -> FALSE | M8: Carbonara | N8: Truthahnschnitzel mit Champignonsauce | O8: Reis | P8: =IF(ISBLANK($B8),$S$12,IF(AND($B8=M8,$C8=N8,$D8=O8),$S$9,IF(AND($B8=M8,OR($C8=N8,$D8=O8)),$S$10+$S$11,IF(OR($B8=M8,AND($C8=N8,$D8=O8)),$S$10,IF(OR($C8=N8,$D8=O8),$S$11))))) -> 0.5
A9: 45608 | B9: Spinatspatzlen | C9: Truthahnbraten | D9: Pürree | E9: Nudel mit Käsesauce | F9: Truthahn-geschnetzeltes | G9: Reis | H9: =IF(ISBLANK($B9),$S$12,IF(AND($B9=E9,$C9=F9,$D9=G9),$S$9,IF(AND($B9=E9,OR($C9=F9,$D9=G9)),$S$10+$S$11,IF(OR($B9=E9,AND($C9=F9,$D9=G9)),$S$10,IF(OR($C9=F9,$D9=G9),$S$11))))) -> FALSE | I9: Spinatspatzlen | J9: Leberkas | K9: Röstkartoffeln | L9: =IF(ISBLANK($B9),$S$12,IF(AND($B9=I9,$C9=J9,$D9=K9),$S$9,IF(AND($B9=I9,OR($C9=J9,$D9=K9)),$S$10+$S$11,IF(OR($B9=I9,AND($C9=J9,$D9=K9)),$S$10,IF(OR($C9=J9,$D9=K9),$S$11))))) -> 1 | M9: Lasagne | N9: Leberkas | O9: Röstkartoffeln | P9: =IF(ISBLANK($B9),$S$12,IF(AND($B9=M9,$C9=N9,$D9=O9),$S$9,IF(AND($B9=M9,OR($C9=N9,$D9=O9)),$S$10+$S$11,IF(OR($B9=M9,AND($C9=N9,$D9=O9)),$S$10,IF(OR($C9=N9,$D9=O9),$S$11))))) -> FALSE | R9: Menü richtig | S9: 3
A10: 45609 | B10: Nudel mit Käsesauce | C10: Schweinskotelett | D10: Spatzlen | E10: Schlutzer | F10: Hauswurst | G10: Kraut | H10: =IF(ISBLANK($B10),$S$12,IF(AND($B10=E10,$C10=F10,$D10=G10),$S$9,IF(AND($B10=E10,OR($C10=F10,$D10=G10)),$S$10+$S$11,IF(OR($B10=E10,AND($C10=F10,$D10=G10)),$S$10,IF(OR($C10=F10,$D10=G10),$S$11))))) -> FALSE | I10: Knödel | J10: Schweinskotelett | K10: Pommes | L10: =IF(ISBLANK($B10),$S$12,IF(AND($B10=I10,$C10=J10,$D10=K10),$S$9,IF(AND($B10=I10,OR($C10=J10,$D10=K10)),$S$10+$S$11,IF(OR($B10=I10,AND($C10=J10,$D10=K10)),$S$10,IF(OR($C10=J10,$D10=K10),$S$11))))) -> 0.5 | M10: Carbonara | N10: Hauswurst | O10: Kraut | P10: =IF(ISBLANK($B10),$S$12,IF(AND($B10=M10,$C10=N10,$D10=O10),$S$9,IF(AND($B10=M10,OR($C10=N10,$D10=O10)),$S$10+$S$11,IF(OR($B10=M10,AND($C10=N10,$D10=O10)),$S$10,IF(OR($C10=N10,$D10=O10),$S$11))))) -> FALSE | R10: Hauptspeise mit Beilage / Vorspeise richtig | S10: 1
A11: 45610 | B11: Nudel mit Ragu | C11: Hühnerhaxlen | D11: Ofenkartoffeln | E11: Hirten | F11: Truthahnschnitzel vom Grill | G11: Ofenkartoffeln | H11: =IF(ISBLANK($B11),$S$12,IF(AND($B11=E11,$C11=F11,$D11=G11),$S$9,IF(AND($B11=E11,OR($C11=F11,$D11=G11)),$S$10+$S$11,IF(OR($B11=E11,AND($C11=F11,$D11=G11)),$S$10,IF(OR($C11=F11,$D11=G11),$S$11))))) -> 0.5 | I11: Gulaschsuppe | J11: Wienerschnitzel | K11: Kartoffelsalat | L11: =IF(ISBLANK($B11),$S$12,IF(AND($B11=I11,$C11=J11,$D11=K11),$S$9,IF(AND($B11=I11,OR($C11=J11,$D11=K11)),$S$10+$S$11,IF(OR($B11=I11,AND($C11=J11,$D11=K11)),$S$10,IF(OR($C11=J11,$D11=K11),$S$11))))) -> FALSE | M11: Tortellini mit Ragu | N11: Pizzaioloschnitzel | O11: Ofenkartoffeln | P11: =IF(ISBLANK($B11),$S$12,IF(AND($B11=M11,$C11=N11,$D11=O11),$S$9,IF(AND($B11=M11,OR($C11=N11,$D11=O11)),$S$10+$S$11,IF(OR($B11=M11,AND($C11=N11,$D11=O11)),$S$10,IF(OR($C11=N11,$D11=O11),$S$11))))) -> 0.5 | R11: nur Hauptspeise / Beilage richtig | S11: 0.5
A12: 45611 | B12: Spinatcannelloni | C12: Schweinsfilet | D12: Kroketten | E12: Ravioli mit Parmesan-Butter | F12: Leberkas | G12: Röstkartoffeln | H12: =IF(ISBLANK($B12),$S$12,IF(AND($B12=E12,$C12=F12,$D12=G12),$S$9,IF(AND($B12=E12,OR($C12=F12,$D12=G12)),$S$10+$S$11,IF(OR($B12=E12,AND($C12=F12,$D12=G12)),$S$10,IF(OR($C12=F12,$D12=G12),$S$11))))) -> FALSE | I12: Lasagne | J12: Sparerips | K12: Röstkartoffeln | L12: =IF(ISBLANK($B12),$S$12,IF(AND($B12=I12,$C12=J12,$D12=K12),$S$9,IF(AND($B12=I12,OR($C12=J12,$D12=K12)),$S$10+$S$11,IF(OR($B12=I12,AND($C12=J12,$D12=K12)),$S$10,IF(OR($C12=J12,$D12=K12),$S$11))))) -> FALSE | M12: Lasagne | N12: Truthahnschnitzel mit Champignonsauce | O12: Reis | P12: =IF(ISBLANK($B12),$S$12,IF(AND($B12=M12,$C12=N12,$D12=O12),$S$9,IF(AND($B12=M12,OR($C12=N12,$D12=O12)),$S$10+$S$11,IF(OR($B12=M12,AND($C12=N12,$D12=O12)),$S$10,IF(OR($C12=N12,$D12=O12),$S$11))))) -> FALSE | R12: Alles falsch | S12: 0
A13: 45614 | B13: Kürbisrisotto | C13: Truthahnschnitzel | D13: Ofenkartoffeln | E13: Hirten | F13: Fleischkarpfln | G13: Pürree | H13: =IF(ISBLANK($B13),$S$12,IF(AND($B13=E13,$C13=F13,$D13=G13),$S$9,IF(AND($B13=E13,OR($C13=F13,$D13=G13)),$S$10+$S$11,IF(OR($B13=E13,AND($C13=F13,$D13=G13)),$S$10,IF(OR($C13=F13,$D13=G13),$S$11))))) -> FALSE | I13: Hirten | J13: Knödel | K13: Gulasch | L13: =IF(ISBLANK($B13),$S$12,IF(AND($B13=I13,$C13=J13,$D13=K13),$S$9,IF(AND($B13=I13,OR($C13=J13,$D13=K13)),$S$10+$S$11,IF(OR($B13=I13,AND($C13=J13,$D13=K13)),$S$10,IF(OR($C13=J13,$D13=K13),$S$11))))) -> FALSE | M13: Hirten | N13: Hauswurst | O13: Plent | P13: =IF(ISBLANK($B13),$S$12,IF(AND($B13=M13,$C13=N13,$D13=O13),$S$9,IF(AND($B13=M13,OR($C13=N13,$D13=O13)),$S$10+$S$11,IF(OR($B13=M13,AND($C13=N13,$D13=O13)),$S$10,IF(OR($C13=N13,$D13=O13),$S$11))))) -> FALSE
A14: 45615 | B14: Hirten | C14: Paprika-Schweinegulasch | D14: Kartoffelstampf | E14: Speck-Zwiebelkuchen | F14: Truthahnbraten | G14: Reis | H14: =IF(ISBLANK($B14),$S$12,IF(AND($B14=E14,$C14=F14,$D14=G14),$S$9,IF(AND($B14=E14,OR($C14=F14,$D14=G14)),$S$10+$S$11,IF(OR($B14=E14,AND($C14=F14,$D14=G14)),$S$10,IF(OR($C14=F14,$D14=G14),$S$11))))) -> FALSE | I14: Spinatknödel | J14: Schweinsbraten | K14: Reis | L14: =IF(ISBLANK($B14),$S$12,IF(AND($B14=I14,$C14=J14,$D14=K14),$S$9,IF(AND($B14=I14,OR($C14=J14,$D14=K14)),$S$10+$S$11,IF(OR($B14=I14,AND($C14=J14,$D14=K14)),$S$10,IF(OR($C14=J14,$D14=K14),$S$11))))) -> FALSE | M14: Carbonara | N14: Leberkas | O14: Röstkartoffeln | P14: =IF(ISBLANK($B14),$S$12,IF(AND($B14=M14,$C14=N14,$D14=O14),$S$9,IF(AND($B14=M14,OR($C14=N14,$D14=O14)),$S$10+$S$11,IF(OR($B14=M14,AND($C14=N14,$D14=O14)),$S$10,IF(OR($C14=N14,$D14=O14),$S$11))))) -> FALSE
A15: 45616 | B15: Nudel mit Pesto | C15: Pizzaioloschnitzel | D15: Ofenkartoffeln | E15: Gnocchi | F15: Hauswurst | G15: Plent | H15: =IF(ISBLANK($B15),$S$12,IF(AND($B15=E15,$C15=F15,$D15=G15),$S$9,IF(AND($B15=E15,OR($C15=F15,$D15=G15)),$S$10+$S$11,IF(OR($B15=E15,AND($C15=F15,$D15=G15)),$S$10,IF(OR($C15=F15,$D15=G15),$S$11))))) -> FALSE | I15: Käseknödel | J15: Pizzaioloschnitzel | K15: Ofenkartoffeln | L15: =IF(ISBLANK($B15),$S$12,IF(AND($B15=I15,$C15=J15,$D15=K15),$S$9,IF(AND($B15=I15,OR($C15=J15,$D15=K15)),$S$10+$S$11,IF(OR($B15=I15,AND($C15=J15,$D15=K15)),$S$10,IF(OR($C15=J15,$D15=K15),$S$11))))) -> 1 | M15: Pizza | N15: Truthahnschnitzel mit Champignonsauce | O15: Reis | P15: =IF(ISBLANK($B15),$S$12,IF(AND($B15=M15,$C15=N15,$D15=O15),$S$9,IF(AND($B15=M15,OR($C15=N15,$D15=O15)),$S$10+$S$11,IF(OR($B15=M15,AND($C15=N15,$D15=O15)),$S$10,IF(OR($C15=N15,$D15=O15),$S$11))))) -> FALSE
A16: 45617 | B16: Nudel mit Tomatensoße und Mozzarella | C16: Gekochtes Rindfleisch | D16: Salzkartoffeln | E16: Lasagne | F16: Wienerschnitzel | G16: Pommes | H16: =IF(ISBLANK($B16),$S$12,IF(AND($B16=E16,$C16=F16,$D16=G16),$S$9,IF(AND($B16=E16,OR($C16=F16,$D16=G16)),$S$10+$S$11,IF(OR($B16=E16,AND($C16=F16,$D16=G16)),$S$10,IF(OR($C16=F16,$D16=G16),$S$11))))) -> FALSE | I16: Carbonara | J16: Leberkas | K16: Pommes | L16: =IF(ISBLANK($B16),$S$12,IF(AND($B16=I16,$C16=J16,$D16=K16),$S$9,IF(AND($B16=I16,OR($C16=J16,$D16=K16)),$S$10+$S$11,IF(OR($B16=I16,AND($C16=J16,$D16=K16)),$S$10,IF(OR($C16=J16,$D16=K16),$S$11))))) -> FALSE | M16: Putanesca | N16: Truthahnbraten | O16: Pürree | P16: =IF(ISBLANK($B16),$S$12,IF(AND($B16=M16,$C16=N16,$D16=O16),$S$9,IF(AND($B16=M16,OR($C16=N16,$D16=O16)),$S$10+$S$11,IF(OR($B16=M16,AND($C16=N16,$D16=O16)),$S$10,IF(OR($C16=N16,$D16=O16),$S$11))))) -> FALSE
A17: 45618 | B17: Käseknödel | C17: Ossobuchi | D17: Safranreis | E17: Tortellini Schinken-Rahm | F17: Leberkas | G17: Röstkartoffeln | H17: =IF(ISBLANK($B17),$S$12,IF(AND($B17=E17,$C17=F17,$D17=G17),$S$9,IF(AND($B17=E17,OR($C17=F17,$D17=G17)),$S$10+$S$11,IF(OR($B17=E17,AND($C17=F17,$D17=G17)),$S$10,IF(OR($C17=F17,$D17=G17),$S$11))))) -> FALSE | I17: Käseknödel | J17: Wienerschnitzel | K17: Kartoffelsalat | L17: =IF(ISBLANK($B17),$S$12,IF(AND($B17=I17,$C17=J17,$D17=K17),$S$9,IF(AND($B17=I17,OR($C17=J17,$D17=K17)),$S$10+$S$11,IF(OR($B17=I17,AND($C17=J17,$D17=K17)),$S$10,IF(OR($C17=J17,$D17=K17),$S$11))))) -> 1 | M17: Tortellini mit Ragu | N17: Fisch | O17: Kartoffelsalat | P17: =IF(ISBLANK($B17),$S$12,IF(AND($B17=M17,$C17=N17,$D17=O17),$S$9,IF(AND($B17=M17,OR($C17=N17,$D17=O17)),$S$10+$S$11,IF(OR($B17=M17,AND($C17=N17,$D17=O17)),$S$10,IF(OR($C17=N17,$D17=O17),$S$11))))) -> FALSE
A18: 45621 | B18: Nudel mit Thunfischsoße | C18: Schweinsschnitzel | D18: Pommes | E18: Lasagne | F18: Curry-Geschnetzeltes | G18: Reis | H18: =IF(ISBLANK($B18),$S$12,IF(AND($B18=E18,$C18=F18,$D18=G18),$S$9,IF(AND($B18=E18,OR($C18=F18,$D18=G18)),$S$10+$S$11,IF(OR($B18=E18,AND($C18=F18,$D18=G18)),$S$10,IF(OR($C18=F18,$D18=G18),$S$11))))) -> FALSE | I18: Carbonara | J18: Schweinsbraten | K18: Reis | L18: =IF(ISBLANK($B18),$S$12,IF(AND($B18=I18,$C18=J18,$D18=K18),$S$9,IF(AND($B18=I18,OR($C18=J18,$D18=K18)),$S$10+$S$11,IF(OR($B18=I18,AND($C18=J18,$D18=K18)),$S$10,IF(OR($C18=J18,$D18=K18),$S$11))))) -> FALSE | M18: Aglio olio | N18: Truthahnschnitzel mit Champignonsauce | O18: Reis | P18: =IF(ISBLANK($B18),$S$12,IF(AND($B18=M18,$C18=N18,$D18=O18),$S$9,IF(AND($B18=M18,OR($C18=N18,$D18=O18)),$S$10+$S$11,IF(OR($B18=M18,AND($C18=N18,$D18=O18)),$S$10,IF(OR($C18=N18,$D18=O18),$S$11))))) -> FALSE
A19: 45622 | B19: Gnocchi | C19: Hühnerbrust | D19: Reis | E19: Tortellini Schinken-Rahm | F19: Truthahnbraten | G19: Pürree | H19: =IF(ISBLANK($B19),$S$12,IF(AND($B19=E19,$C19=F19,$D19=G19),$S$9,IF(AND($B19=E19,OR($C19=F19,$D19=G19)),$S$10+$S$11,IF(OR($B19=E19,AND($C19=F19,$D19=G19)),$S$10,IF(OR($C19=F19,$D19=G19),$S$11))))) -> FALSE | I19: - | J19: - | K19: - | L19: =IF(ISBLANK($B19),$S$12,IF(AND($B19=I19,$C19=J19,$D19=K19),$S$9,IF(AND($B19=I19,OR($C19=J19,$D19=K19)),$S$10+$S$11,IF(OR($B19=I19,AND($C19=J19,$D19=K19)),$S$10,IF(OR($C19=J19,$D19=K19),$S$11))))) -> FALSE | M19: - | N19: - | O19: - | P19: =IF(ISBLANK($B19),$S$12,IF(AND($B19=M19,$C19=N19,$D19=O19),$S$9,IF(AND($B19=M19,OR($C19=N19,$D19=O19)),$S$10+$S$11,IF(OR($B19=M19,AND($C19=N19,$D19=O19)),$S$10,IF(OR($C19=N19,$D19=O19),$S$11))))) -> FALSE
A20: 45623 | B20: Aglio olio | C20: Schweinskotelett | D20: Spatzlen | E20: Spinatspatzlen | F20: Leberkas | G20: Röstkartoffeln | H20: =IF(ISBLANK($B20),$S$12,IF(AND($B20=E20,$C20=F20,$D20=G20),$S$9,IF(AND($B20=E20,OR($C20=F20,$D20=G20)),$S$10+$S$11,IF(OR($B20=E20,AND($C20=F20,$D20=G20)),$S$10,IF(OR($C20=F20,$D20=G20),$S$11))))) -> FALSE | I20: Hirten | J20: Knödel | K20: Gulasch | L20: =IF(ISBLANK($B20),$S$12,IF(AND($B20=I20,$C20=J20,$D20=K20),$S$9,IF(AND($B20=I20,OR($C20=J20,$D20=K20)),$S$10+$S$11,IF(OR($B20=I20,AND($C20=J20,$D20=K20)),$S$10,IF(OR($C20=J20,$D20=K20),$S$11))))) -> FALSE | M20: Carbonara | N20: Leberkas | O20: Röstkartoffeln | P20: =IF(ISBLANK($B20),$S$12,IF(AND($B20=M20,$C20=N20,$D20=O20),$S$9,IF(AND($B20=M20,OR($C20=N20,$D20=O20)),$S$10+$S$11,IF(OR($B20=M20,AND($C20=N20,$D20=O20)),$S$10,IF(OR($C20=N20,$D20=O20),$S$11))))) -> FALSE
A21: 45624 | B21: Schlutzer Schinken-Rahm | C21: Truthahnbraten | D21: Kroketten | E21: Lasagne | F21: Hühnerhaxlen | G21: Pommes | H21: =IF(ISBLANK($B21),$S$12,IF(AND($B21=E21,$C21=F21,$D21=G21),$S$9,IF(AND($B21=E21,OR($C21=F21,$D21=G21)),$S$10+$S$11,IF(OR($B21=E21,AND($C21=F21,$D21=G21)),$S$10,IF(OR($C21=F21,$D21=G21),$S$11))))) -> FALSE | I21: - | J21: - | K21: - | L21: =IF(ISBLANK($B21),$S$12,IF(AND($B21=I21,$C21=J21,$D21=K21),$S$9,IF(AND($B21=I21,OR($C21=J21,$D21=K21)),$S$10+$S$11,IF(OR($B21=I21,AND($C21=J21,$D21=K21)),$S$10,IF(OR($C21=J21,$D21=K21),$S$11))))) -> FALSE | M21: Hirten | N21: Hauswurst | O21: Plent | P21: =IF(ISBLANK($B21),$S$12,IF(AND($B21=M21,$C21=N21,$D21=O21),$S$9,IF(AND($B21=M21,OR($C21=N21,$D21=O21)),$S$10+$S$11,IF(OR($B21=M21,AND($C21=N21,$D21=O21)),$S$10,IF(OR($C21=N21,$D21=O21),$S$11))))) -> FALSE
A22: 45625 | B22: Nudel mit Lachs und Tomantensoße | C22: Schweinshaxe | D22: Reis | E22: Carbonara | F22: Leberkas | G22: Röstkartoffeln | H22: =IF(ISBLANK($B22),$S$12,IF(AND($B22=E22,$C22=F22,$D22=G22),$S$9,IF(AND($B22=E22,OR($C22=F22,$D22=G22)),$S$10+$S$11,IF(OR($B22=E22,AND($C22=F22,$D22=G22)),$S$10,IF(OR($C22=F22,$D22=G22),$S$11))))) -> FALSE | I22: Putanesca | J22: Wienerschnitzel | K22: Kartoffelsalat | L22: =IF(ISBLANK($B22),$S$12,IF(AND($B22=I22,$C22=J22,$D22=K22),$S$9,IF(AND($B22=I22,OR($C22=J22,$D22=K22)),$S$10+$S$11,IF(OR($B22=I22,AND($C22=J22,$D22=K22)),$S$10,IF(OR($C22=J22,$D22=K22),$S$11))))) -> FALSE | M22: Lasagne | N22: Wienerschnitzel | O22: Kartoffelsalat | P22: =IF(ISBLANK($B22),$S$12,IF(AND($B22=M22,$C22=N22,$D22=O22),$S$9,IF(AND($B22=M22,OR($C22=N22,$D22=O22)),$S$10+$S$11,IF(OR($B22=M22,AND($C22=N22,$D22=O22)),$S$10,IF(OR($C22=N22,$D22=O22),$S$11))))) -> FALSE
A23: 45628 | B23: Arrabbiata | C23: Truthahnschnitzel mit Champignonsauce | D23: Reis | E23: Nudel mit Ragu | F23: Schweinsschopf-braten | G23: Spatzlen | H23: =IF(ISBLANK($B23),$S$12,IF(AND($B23=E23,$C23=F23,$D23=G23),$S$9,IF(AND($B23=E23,OR($C23=F23,$D23=G23)),$S$10+$S$11,IF(OR($B23=E23,AND($C23=F23,$D23=G23)),$S$10,IF(OR($C23=F23,$D23=G23),$S$11))))) -> FALSE | I23: Amatriciana | J23: Schweinsschnitzel | K23: Ofenkartoffeln | L23: =IF(ISBLANK($B23),$S$12,IF(AND($B23=I23,$C23=J23,$D23=K23),$S$9,IF(AND($B23=I23,OR($C23=J23,$D23=K23)),$S$10+$S$11,IF(OR($B23=I23,AND($C23=J23,$D23=K23)),$S$10,IF(OR($C23=J23,$D23=K23),$S$11))))) -> FALSE | M23: Hirten | N23: Hauswurst | O23: Plent | P23: =IF(ISBLANK($B23),$S$12,IF(AND($B23=M23,$C23=N23,$D23=O23),$S$9,IF(AND($B23=M23,OR($C23=N23,$D23=O23)),$S$10+$S$11,IF(OR($B23=M23,AND($C23=N23,$D23=O23)),$S$10,IF(OR($C23=N23,$D23=O23),$S$11))))) -> FALSE
A24: 45629 | B24: Fleischcannelloni | C24: Truthahngeschnetzeltes | D24: Pürree | E24: Spinatspatzlen | F24: Leberkas | G24: Röstkartoffeln | H24: =IF(ISBLANK($B24),$S$12,IF(AND($B24=E24,$C24=F24,$D24=G24),$S$9,IF(AND($B24=E24,OR($C24=F24,$D24=G24)),$S$10+$S$11,IF(OR($B24=E24,AND($C24=F24,$D24=G24)),$S$10,IF(OR($C24=F24,$D24=G24),$S$11))))) -> FALSE | I24: Carbonara | J24: Gekochtes Rindfleisch | K24: Salzkartoffel | L24: =IF(ISBLANK($B24),$S$12,IF(AND($B24=I24,$C24=J24,$D24=K24),$S$9,IF(AND($B24=I24,OR($C24=J24,$D24=K24)),$S$10+$S$11,IF(OR($B24=I24,AND($C24=J24,$D24=K24)),$S$10,IF(OR($C24=J24,$D24=K24),$S$11))))) -> FALSE | M24: Lasagne | N24: Pizzaioloschnitzel | O24: Ofenkartoffeln | P24: =IF(ISBLANK($B24),$S$12,IF(AND($B24=M24,$C24=N24,$D24=O24),$S$9,IF(AND($B24=M24,OR($C24=N24,$D24=O24)),$S$10+$S$11,IF(OR($B24=M24,AND($C24=N24,$D24=O24)),$S$10,IF(OR($C24=N24,$D24=O24),$S$11))))) -> FALSE
... A36: 45645 | B36: Lasagne | C36: Truthahngeschnetzeltes | D36: Spatzlen | E36: Lasagne | F36: Truthahngeschnetzeltes | G36: Pürree | H36: =IF(ISBLANK($B36),$S$12,IF(AND($B36=E36,$C36=F36,$D36=G36),$S$9,IF(AND($B36=E36,OR($C36=F36,$D36=G36)),$S$10+$S$11,IF(OR($B36=E36,AND($C36=F36,$D36=G36)),$S$10,IF(OR($C36=F36,$D36=G36),$S$11))))) -> 1.5 | I36: Käseknödel | J36: Wienerschnitzel | K36: Kartoffelsalat | L36: =IF(ISBLANK($B36),$S$12,IF(AND($B36=I36,$C36=J36,$D36=K36),$S$9,IF(AND($B36=I36,OR($C36=J36,$D36=K36)),$S$10+$S$11,IF(OR($B36=I36,AND($C36=J36,$D36=K36)),$S$10,IF(OR($C36=J36,$D36=K36),$S$11))))) -> FALSE | M36: - | N36: - | O36: - | P36: =IF(ISBLANK($B36),$S$12,IF(AND($B36=M36,$C36=N36,$D36=O36),$S$9,IF(AND($B36=M36,OR($C36=N36,$D36=O36)),$S$10+$S$11,IF(OR($B36=M36,AND($C36=N36,$D36=O36)),$S$10,IF(OR($C36=N36,$D36=O36),$S$11))))) -> FALSE
A37: 45646 | E37: Nudel mit Lachs und Rahmsoße | F37: Pfeffersteak | G37: Kartoffelstrudel | H37: =IF(ISBLANK($B37),$S$12,IF(AND($B37=E37,$C37=F37,$D37=G37),$S$9,IF(AND($B37=E37,OR($C37=F37,$D37=G37)),$S$10+$S$11,IF(OR($B37=E37,AND($C37=F37,$D37=G37)),$S$10,IF(OR($C37=F37,$D37=G37),$S$11))))) -> 0 | I37: Hirten | J37: Fischfilet | K37: Salzkartoffel | L37: =IF(ISBLANK($B37),$S$12,IF(AND($B37=I37,$C37=J37,$D37=K37),$S$9,IF(AND($B37=I37,OR($C37=J37,$D37=K37)),$S$10+$S$11,IF(OR($B37=I37,AND($C37=J37,$D37=K37)),$S$10,IF(OR($C37=J37,$D37=K37),$S$11))))) -> 0 | M37: Nudel mit Meeresfrüchten | N37: Rindsschnitzel | O37: Ofenkartoffeln | P37: =IF(ISBLANK($B37),$S$12,IF(AND($B37=M37,$C37=N37,$D37=O37),$S$9,IF(AND($B37=M37,OR($C37=N37,$D37=O37)),$S$10+$S$11,IF(OR($B37=M37,AND($C37=N37,$D37=O37)),$S$10,IF(OR($C37=N37,$D37=O37),$S$11))))) -> 0
A38: Ergebnisse | E38: Summe | H38: =SUM(H3:H37) -> 6.5 | I38: Summe | L38: =SUM(L3:L37) -> 6 | M38: Summe | P38: =SUM(P3:P37) -> 3
E39: Alles Falsch | H39: =COUNTIF(H2:H37,"Falsch") -> 29 | I39: Alles Falsch | L39: =COUNTIF(L2:L37,"Falsch") -> 27 | M39: Alles Falsch | P39: =COUNTIF(P2:P37,"Falsch") -> 29
E40: Alles Richtig | H40: =COUNTIF(H3:H37,"3") -> 1 | I40: Alles Richtig | L40: =COUNTIF(L3:L37,"3") -> 0 | M40: Alles Richtig | P40: =COUNTIF(P3:P37,"3") -> 0

Sheet 2025
A1: Tippspiel Essen Wies | E1: Andreas | I1: Johannes | M1: Noah
A3: Regelwerk siehe entsprechendes Tabellenblatt | E3: Punkte | H3: =SUM(H9:H229) -> 47 | I3: Punkte | L3: =SUM(L9:L229) -> 42.5 | M3: Punkte | P3: =SUM(P9:P229) -> 51.5
E4: Punkteausbeute | H4: =(100/(3*COUNTIF($A$9:$A$229,"<>")))*H3 -> 7.0889894 | I4: Punkteausbeute | L4: =(100/(3*COUNTIF($A$9:$A$229,"<>")))*L3 -> 6.4102564 | M4: Punkteausbeute | P4: =(100/(3*COUNTIF($A$9:$A$229,"<>")))*P3 -> 7.7677225
E5: Alles Falsch | H5: =COUNTIF(H9:H229,"Falsch") -> 160 | I5: Alles Falsch | L5: =COUNTIF(L9:L229,"Falsch") -> 169 | M5: Alles Falsch | P5: =COUNTIF(P9:P229,"Falsch") -> 158
H6: =(100/COUNTIF($A$9:$A$229,"<>"))*H5 -> 72.39819 | L6: =(100/COUNTIF($A$9:$A$229,"<>"))*L5 -> 76.470588 | P6: =(100/COUNTIF($A$9:$A$229,"<>"))*P5 -> 71.493213
E7: Alles Richtig | H7: =COUNTIF(H9:H229,"3") -> 1 | I7: Alles Richtig | L7: =COUNTIF(L9:L229,"3")-1 -> 1 | M7: Alles Richtig | P7: =COUNTIF(P9:P229,"3") -> 1
A8: Tag | B8: Vorspeise | C8: Hauptspeise | D8: Beilage | E8: Vorspeise | F8: Hauptspeise | G8: Beilage | H8: Punkte | I8: Vorspeise | J8: Hauptspeise | K8: Beilage | L8: Punkte | M8: Vorspeise | N8: Hauptspeise | O8: Beilage | P8: Punkte
A9: 45670 | B9: Arrabbiata | C9: Truthahnschnitzel | D9: Reis | E9: Spinatspatzlen | F9: Schweinskotelett | G9: Ofenkartoffeln | H9: =IF(ISBLANK($B9),$S$18,IF(AND($B9=E9,$C9=F9,$D9=G9),$S$15,IF(AND($B9=E9,OR($C9=F9,$D9=G9)),$S$16+$S$17,IF(OR($B9=E9,AND($C9=F9,$D9=G9)),$S$16,IF(OR($C9=F9,$D9=G9),$S$17))))) -> FALSE | I9: Hirten | J9: Truthahnschnitzel | K9: Pommes | L9: =IF(ISBLANK($B9),$S$18,IF(AND($B9=I9,$C9=J9,$D9=K9),$S$15,IF(AND($B9=I9,OR($C9=J9,$D9=K9)),$S$16+$S$17,IF(OR($B9=I9,AND($C9=J9,$D9=K9)),$S$16,IF(OR($C9=J9,$D9=K9),$S$17))))) -> 0.5 | M9: Hirten | N9: Truthahnschnitzel | O9: Reis | P9: =IF(ISBLANK($B9),$S$18,IF(AND($B9=M9,$C9=N9,$D9=O9),$S$15,IF(AND($B9=M9,OR($C9=N9,$D9=O9)),$S$16+$S$17,IF(OR($B9=M9,AND($C9=N9,$D9=O9)),$S$16,IF(OR($C9=N9,$D9=O9),$S$17))))) -> 1
A10: 45671 | B10: Nudel mit Käsesoße | C10: Leberkas | D10: Pommes | E10: Nudel mit Käsesoße | F10: Fleischkrapfln | G10: Püree | H10: =IF(ISBLANK($B10),$S$18,IF(AND($B10=E10,$C10=F10,$D10=G10),$S$15,IF(AND($B10=E10,OR($C10=F10,$D10=G10)),$S$16+$S$17,IF(OR($B10=E10,AND($C10=F10,$D10=G10)),$S$16,IF(OR($C10=F10,$D10=G10),$S$17))))) -> 1 | I10: Käseknödel | J10: Schweinsbraten | K10: Püree | L10: =IF(ISBLANK($B10),$S$18,IF(AND($B10=I10,$C10=J10,$D10=K10),$S$15,IF(AND($B10=I10,OR($C10=J10,$D10=K10)),$S$16+$S$17,IF(OR($B10=I10,AND($C10=J10,$D10=K10)),$S$16,IF(OR($C10=J10,$D10=K10),$S$17))))) -> FALSE | M10: Lasagne | N10: Schweinskotelett | O10: Spatzlen | P10: =IF(ISBLANK($B10),$S$18,IF(AND($B10=M10,$C10=N10,$D10=O10),$S$15,IF(AND($B10=M10,OR($C10=N10,$D10=O10)),$S$16+$S$17,IF(OR($B10=M10,AND($C10=N10,$D10=O10)),$S$16,IF(OR($C10=N10,$D10=O10),$S$17))))) -> FALSE
A11: 45672 | B11: Omlett mit Schinken und Käse | C11: Schweinskotelett | D11: Bratkartoffeln | E11: Tortellini mit Schinken-Rahm | F11: Schweinsschopfbraten | G11: Spatzlen | H11: =IF(ISBLANK($B11),$S$18,IF(AND($B11=E11,$C11=F11,$D11=G11),$S$15,IF(AND($B11=E11,OR($C11=F11,$D11=G11)),$S$16+$S$17,IF(OR($B11=E11,AND($C11=F11,$D11=G11)),$S$16,IF(OR($C11=F11,$D11=G11),$S$17))))) -> FALSE | I11: Carbonara | J11: Knödel | K11: Gulasch | L11: =IF(ISBLANK($B11),$S$18,IF(AND($B11=I11,$C11=J11,$D11=K11),$S$15,IF(AND($B11=I11,OR($C11=J11,$D11=K11)),$S$16+$S$17,IF(OR($B11=I11,AND($C11=J11,$D11=K11)),$S$16,IF(OR($C11=J11,$D11=K11),$S$17))))) -> FALSE | M11: Nudel mit Ragu | N11: Truthahnbraten | O11: Püree | P11: =IF(ISBLANK($B11),$S$18,IF(AND($B11=M11,$C11=N11,$D11=O11),$S$15,IF(AND($B11=M11,OR($C11=N11,$D11=O11)),$S$16+$S$17,IF(OR($B11=M11,AND($C11=N11,$D11=O11)),$S$16,IF(OR($C11=N11,$D11=O11),$S$17))))) -> FALSE
A12: 45673 | B12: Aglio olio | C12: Hühnerbrust | D12: Kroketten und Zucchini | E12: Lasagne | F12: Pizzaioloschnitzel | G12: Ofenkartoffeln | H12: =IF(ISBLANK($B12),$S$18,IF(AND($B12=E12,$C12=F12,$D12=G12),$S$15,IF(AND($B12=E12,OR($C12=F12,$D12=G12)),$S$16+$S$17,IF(OR($B12=E12,AND($C12=F12,$D12=G12)),$S$16,IF(OR($C12=F12,$D12=G12),$S$17))))) -> FALSE | I12: Hirten | J12: Schweinsbraten | K12: Püree | L12: =IF(ISBLANK($B12),$S$18,IF(AND($B12=I12,$C12=J12,$D12=K12),$S$15,IF(AND($B12=I12,OR($C12=J12,$D12=K12)),$S$16+$S$17,IF(OR($B12=I12,AND($C12=J12,$D12=K12)),$S$16,IF(OR($C12=J12,$D12=K12),$S$17))))) -> FALSE | M12: Carbonara | N12: Knödel | O12: Gulasch | P12: =IF(ISBLANK($B12),$S$18,IF(AND($B12=M12,$C12=N12,$D12=O12),$S$15,IF(AND($B12=M12,OR($C12=N12,$D12=O12)),$S$16+$S$17,IF(OR($B12=M12,AND($C12=N12,$D12=O12)),$S$16,IF(OR($C12=N12,$D12=O12),$S$17))))) -> FALSE
A13: 45674 | B13: Schupfnudel mit Lachs | C13: Hauswurst | D13: Plent | E13: Spinatcannelloni | F13: Wienerschnitzel | G13: Kartoffelsalat | H13: =IF(ISBLANK($B13),$S$18,IF(AND($B13=E13,$C13=F13,$D13=G13),$S$15,IF(AND($B13=E13,OR($C13=F13,$D13=G13)),$S$16+$S$17,IF(OR($B13=E13,AND($C13=F13,$D13=G13)),$S$16,IF(OR($C13=F13,$D13=G13),$S$17))))) -> FALSE | I13: Käseknödel | J13: Wienerschnitzel | K13: Kartoffelsalat | L13: =IF(ISBLANK($B13),$S$18,IF(AND($B13=I13,$C13=J13,$D13=K13),$S$15,IF(AND($B13=I13,OR($C13=J13,$D13=K13)),$S$16+$S$17,IF(OR($B13=I13,AND($C13=J13,$D13=K13)),$S$16,IF(OR($C13=J13,$D13=K13),$S$17))))) -> FALSE | M13: Lasagne | N13: Gekochtes Rindfleisch | O13: Salzkartoffeln | P13: =IF(ISBLANK($B13),$S$18,IF(AND($B13=M13,$C13=N13,$D13=O13),$S$15,IF(AND($B13=M13,OR($C13=N13,$D13=O13)),$S$16+$S$17,IF(OR($B13=M13,AND($C13=N13,$D13=O13)),$S$16,IF(OR($C13=N13,$D13=O13),$S$17))))) -> FALSE
A14: 45677 | B14: Nudel mit Ragu | C14: Schweinsfilet | D14: Reis | E14: Hirten | F14: Truthahngeschnetzeltes | G14: Püree | H14: =IF(ISBLANK($B14),$S$18,IF(AND($B14=E14,$C14=F14,$D14=G14),$S$15,IF(AND($B14=E14,OR($C14=F14,$D14=G14)),$S$16+$S$17,IF(OR($B14=E14,AND($C14=F14,$D14=G14)),$S$16,IF(OR($C14=F14,$D14=G14),$S$17))))) -> FALSE | I14: Hirten | J14: Truthahnschnitzel | K14: Ofenkartoffeln | L14: =IF(ISBLANK($B14),$S$18,IF(AND($B14=I14,$C14=J14,$D14=K14),$S$15,IF(AND($B14=I14,OR($C14=J14,$D14=K14)),$S$16+$S$17,IF(OR($B14=I14,AND($C14=J14,$D14=K14)),$S$16,IF(OR($C14=J14,$D14=K14),$S$17))))) -> FALSE | M14: Carbonara | N14: Pizzaioloschnitzel | O14: Ofenkartoffeln | P14: =IF(ISBLANK($B14),$S$18,IF(AND($B14=M14,$C14=N14,$D14=O14),$S$15,IF(AND($B14=M14,OR($C14=N14,$D14=O14)),$S$16+$S$17,IF(OR($B14=M14,AND($C14=N14,$D14=O14)),$S$16,IF(OR($C14=N14,$D14=O14),$S$17))))) -> FALSE
A15: 45678 | B15: Gulaschsuppe + Nudel mit Käsesoße | C15: Gekochtes Rindfleisch | D15: Salzkartoffeln | E15: Tortellini mit Schinken-Rahm | F15: Gekochtes Rindfleisch | G15: Salzkartoffeln | H15: =IF(ISBLANK($B15),$S$18,IF(AND($B15=E15,$C15=F15,$D15=G15),$S$15,IF(AND($B15=E15,OR($C15=F15,$D15=G15)),$S$16+$S$17,IF(OR($B15=E15,AND($C15=F15,$D15=G15)),$S$16,IF(OR($C15=F15,$D15=G15),$S$17))))) -> 1 | I15: Lasagne | J15: Knödel | K15: Gulasch | L15: =IF(ISBLANK($B15),$S$18,IF(AND($B15=I15,$C15=J15,$D15=K15),$S$15,IF(AND($B15=I15,OR($C15=J15,$D15=K15)),$S$16+$S$17,IF(OR($B15=I15,AND($C15=J15,$D15=K15)),$S$16,IF(OR($C15=J15,$D15=K15),$S$17))))) -> FALSE | M15: Hirten | N15: Hühnerhaxl | O15: Bratkartoffeln | P15: =IF(ISBLANK($B15),$S$18,IF(AND($B15=M15,$C15=N15,$D15=O15),$S$15,IF(AND($B15=M15,OR($C15=N15,$D15=O15)),$S$16+$S$17,IF(OR($B15=M15,AND($C15=N15,$D15=O15)),$S$16,IF(OR($C15=N15,$D15=O15),$S$17))))) -> FALSE | R15: Menü richtig | S15: 3
A16: 45679 | B16: Pizzastrudel | C16: Hackbraten | D16: Püree | E16: Ravioli mit Butter + Parmesan | F16: Pizzaioloschnitzel | G16: Ofenkartoffeln | H16: =IF(ISBLANK($B16),$S$18,IF(AND($B16=E16,$C16=F16,$D16=G16),$S$15,IF(AND($B16=E16,OR($C16=F16,$D16=G16)),$S$16+$S$17,IF(OR($B16=E16,AND($C16=F16,$D16=G16)),$S$16,IF(OR($C16=F16,$D16=G16),$S$17))))) -> FALSE | I16: Carbonara | J16: Truthahnbraten | K16: Püree | L16: =IF(ISBLANK($B16),$S$18,IF(AND($B16=I16,$C16=J16,$D16=K16),$S$15,IF(AND($B16=I16,OR($C16=J16,$D16=K16)),$S$16+$S$17,IF(OR($B16=I16,AND($C16=J16,$D16=K16)),$S$16,IF(OR($C16=J16,$D16=K16),$S$17))))) -> 0.5 | M16: Nudel mit Thunfischsoße | N16: Truthahnschnitzel | O16: Spatzlen | P16: =IF(ISBLANK($B16),$S$18,IF(AND($B16=M16,$C16=N16,$D16=O16),$S$15,IF(AND($B16=M16,OR($C16=N16,$D16=O16)),$S$16+$S$17,IF(OR($B16=M16,AND($C16=N16,$D16=O16)),$S$16,IF(OR($C16=N16,$D16=O16),$S$17))))) -> FALSE | R16: Hauptspeise mit Beilage / Vorspeise richtig | S16: 1
A17: 45680 | B17: Nudel Mammarosa | C17: Schweinsschnitzel | D17: Spatzlen | E17: Lasagne | F17: Wienerschnitzel | G17: Kartoffelsalat | H17: =IF(ISBLANK($B17),$S$18,IF(AND($B17=E17,$C17=F17,$D17=G17),$S$15,IF(AND($B17=E17,OR($C17=F17,$D17=G17)),$S$16+$S$17,IF(OR($B17=E17,AND($C17=F17,$D17=G17)),$S$16,IF(OR($C17=F17,$D17=G17),$S$17))))) -> FALSE | I17: Hirten | J17: Truthahngeschnetzeltes | K17: Reis | L17: =IF(ISBLANK($B17),$S$18,IF(AND($B17=I17,$C17=J17,$D17=K17),$S$15,IF(AND($B17=I17,OR($C17=J17,$D17=K17)),$S$16+$S$17,IF(OR($B17=I17,AND($C17=J17,$D17=K17)),$S$16,IF(OR($C17=J17,$D17=K17),$S$17))))) -> FALSE | M17: Lasagne | N17: Truthahnbraten | O17: Kartoffelgratin | P17: =IF(ISBLANK($B17),$S$18,IF(AND($B17=M17,$C17=N17,$D17=O17),$S$15,IF(AND($B17=M17,OR($C17=N17,$D17=O17)),$S$16+$S$17,IF(OR($B17=M17,AND($C17=N17,$D17=O17)),$S$16,IF(OR($C17=N17,$D17=O17),$S$17))))) -> FALSE | R17: nur Hauptspeise / Beilage richtig | S17: 0.5
A18: 45681 | B18: Ravioli | C18: Knödel | D18: Gulasch | E18: Putanesca | F18: Fisch | G18: Salzkartoffeln | H18: =IF(ISBLANK($B18),$S$18,IF(AND($B18=E18,$C18=F18,$D18=G18),$S$15,IF(AND($B18=E18,OR($C18=F18,$D18=G18)),$S$16+$S$17,IF(OR($B18=E18,AND($C18=F18,$D18=G18)),$S$16,IF(OR($C18=F18,$D18=G18),$S$17))))) -> FALSE | I18: Carbonara | J18: Fisch | K18: Kartoffelsalat | L18: =IF(ISBLANK($B18),$S$18,IF(AND($B18=I18,$C18=J18,$D18=K18),$S$15,IF(AND($B18=I18,OR($C18=J18,$D18=K18)),$S$16+$S$17,IF(OR($B18=I18,AND($C18=J18,$D18=K18)),$S$16,IF(OR($C18=J18,$D18=K18),$S$17))))) -> FALSE | M18: Carbonara | N18: Wienerschnitzel | O18: Kartoffelsalat | P18: =IF(ISBLANK($B18),$S$18,IF(AND($B18=M18,$C18=N18,$D18=O18),$S$15,IF(AND($B18=M18,OR($C18=N18,$D18=O18)),$S$16+$S$17,IF(OR($B18=M18,AND($C18=N18,$D18=O18)),$S$16,IF(OR($C18=N18,$D18=O18),$S$17))))) -> FALSE | R18: Alles falsch | S18: 0
A19: 45684 | B19: Lasagne | C19: Truthahngeschnetzeltes | D19: Kartoffelstampf | E19: Putanesca | F19: Hühnerbrust | G19: Reis | H19: =IF(ISBLANK($B19),$S$18,IF(AND($B19=E19,$C19=F19,$D19=G19),$S$15,IF(AND($B19=E19,OR($C19=F19,$D19=G19)),$S$16+$S$17,IF(OR($B19=E19,AND($C19=F19,$D19=G19)),$S$16,IF(OR($C19=F19,$D19=G19),$S$17))))) -> FALSE | I19: Hirten | J19: Truthahnschnitzel | K19: Ofenkartoffeln | L19: =IF(ISBLANK($B19),$S$18,IF(AND($B19=I19,$C19=J19,$D19=K19),$S$15,IF(AND($B19=I19,OR($C19=J19,$D19=K19)),$S$16+$S$17,IF(OR($B19=I19,AND($C19=J19,$D19=K19)),$S$16,IF(OR($C19=J19,$D19=K19),$S$17))))) -> FALSE | M19: Carbonara | N19: Truthahnschnitzel | O19: Reis | P19: =IF(ISBLANK($B19),$S$18,IF(AND($B19=M19,$C19=N19,$D19=O19),$S$15,IF(AND($B19=M19,OR($C19=N19,$D19=O19)),$S$16+$S$17,IF(OR($B19=M19,AND($C19=N19,$D19=O19)),$S$16,IF(OR($C19=N19,$D19=O19),$S$17))))) -> FALSE
A20: 45685 | B20: Aglio olio | C20: Schweinsschopfbraten | D20: Reis | E20: Nudel mit Käsesoße | F20: Schweinsschopfbraten | G20: Spatzlen | H20: =IF(ISBLANK($B20),$S$18,IF(AND($B20=E20,$C20=F20,$D20=G20),$S$15,IF(AND($B20=E20,OR($C20=F20,$D20=G20)),$S$16+$S$17,IF(OR($B20=E20,AND($C20=F20,$D20=G20)),$S$16,IF(OR($C20=F20,$D20=G20),$S$17))))) -> 0.5 | I20: Spinatspatzlen | J20: Hühnerhaxlen | K20: Pommes | L20: =IF(ISBLANK($B20),$S$18,IF(AND($B20=I20,$C20=J20,$D20=K20),$S$15,IF(AND($B20=I20,OR($C20=J20,$D20=K20)),$S$16+$S$17,IF(OR($B20=I20,AND($C20=J20,$D20=K20)),$S$16,IF(OR($C20=J20,$D20=K20),$S$17))))) -> FALSE | M20: Aglio olio | N20: Hauswurst | O20: Plent | P20: =IF(ISBLANK($B20),$S$18,IF(AND($B20=M20,$C20=N20,$D20=O20),$S$15,IF(AND($B20=M20,OR($C20=N20,$D20=O20)),$S$16+$S$17,IF(OR($B20=M20,AND($C20=N20,$D20=O20)),$S$16,IF(OR($C20=N20,$D20=O20),$S$17))))) -> 1
A21: 45686 | B21: Griesscheiben mit Schinken/Käse und Tomantensoße | C21: Schweinskotelett | D21: Kartoffelgratin | E21: Spinatspatzlen | F21: Gulasch | G21: Plent | H21: =IF(ISBLANK($B21),$S$18,IF(AND($B21=E21,$C21=F21,$D21=G21),$S$15,IF(AND($B21=E21,OR($C21=F21,$D21=G21)),$S$16+$S$17,IF(OR($B21=E21,AND($C21=F21,$D21=G21)),$S$16,IF(OR($C21=F21,$D21=G21),$S$17))))) -> FALSE | I21: Käseknödel | J21: Pizzaioloschnitzel | K21: Ofenkartoffeln | L21: =IF(ISBLANK($B21),$S$18,IF(AND($B21=I21,$C21=J21,$D21=K21),$S$15,IF(AND($B21=I21,OR($C21=J21,$D21=K21)),$S$16+$S$17,IF(OR($B21=I21,AND($C21=J21,$D21=K21)),$S$16,IF(OR($C21=J21,$D21=K21),$S$17))))) -> FALSE | M21: Hirten | N21: Leberkas | O21: Röstkartoffeln | P21: =IF(ISBLANK($B21),$S$18,IF(AND($B21=M21,$C21=N21,$D21=O21),$S$15,IF(AND($B21=M21,OR($C21=N21,$D21=O21)),$S$16+$S$17,IF(OR($B21=M21,AND($C21=N21,$D21=O21)),$S$16,IF(OR($C21=N21,$D21=O21),$S$17))))) -> FALSE
A22: 45687 | B22: Arrabbiata | C22: Hühnerbrust | D22: Kroketten | E22: Carbonara | F22: Leberkas | G22: Röstkartoffeln | H22: =IF(ISBLANK($B22),$S$18,IF(AND($B22=E22,$C22=F22,$D22=G22),$S$15,IF(AND($B22=E22,OR($C22=F22,$D22=G22)),$S$16+$S$17,IF(OR($B22=E22,AND($C22=F22,$D22=G22)),$S$16,IF(OR($C22=F22,$D22=G22),$S$17))))) -> FALSE | I22: Carbonara | J22: Knödel | K22: Gulasch | L22: =IF(ISBLANK($B22),$S$18,IF(AND($B22=I22,$C22=J22,$D22=K22),$S$15,IF(AND($B22=I22,OR($C22=J22,$D22=K22)),$S$16+$S$17,IF(OR($B22=I22,AND($C22=J22,$D22=K22)),$S$16,IF(OR($C22=J22,$D22=K22),$S$17))))) -> FALSE | M22: Carbonara | N22: Truthahnschnitzel | O22: Spatzlen | P22: =IF(ISBLANK($B22),$S$18,IF(AND($B22=M22,$C22=N22,$D22=O22),$S$15,IF(AND($B22=M22,OR($C22=N22,$D22=O22)),$S$16+$S$17,IF(OR($B22=M22,AND($C22=N22,$D22=O22)),$S$16,IF(OR($C22=N22,$D22=O22),$S$17))))) -> FALSE
A23: 45688 | B23: Ravioli mit Käsesoße | C23: Zigeunerschnitzel | D23: Spatzlen | E23: Tortellini mit Schinken-Rahm | F23: Wienerschnitzel | G23: Pommes | H23: =IF(ISBLANK($B23),$S$18,IF(AND($B23=E23,$C23=F23,$D23=G23),$S$15,IF(AND($B23=E23,OR($C23=F23,$D23=G23)),$S$16+$S$17,IF(OR($B23=E23,AND($C23=F23,$D23=G23)),$S$16,IF(OR($C23=F23,$D23=G23),$S$17))))) -> FALSE | I23: Käseknödel | J23: Wienerschnitzel | K23: Pommes | L23: =IF(ISBLANK($B23),$S$18,IF(AND($B23=I23,$C23=J23,$D23=K23),$S$15,IF(AND($B23=I23,OR($C23=J23,$D23=K23)),$S$16+$S$17,IF(OR($B23=I23,AND($C23=J23,$D23=K23)),$S$16,IF(OR($C23=J23,$D23=K23),$S$17))))) -> FALSE | M23: Hirten | N23: Wienerschnitzel | O23: Kartoffelsalat | P23: =IF(ISBLANK($B23),$S$18,IF(AND($B23=M23,$C23=N23,$D23=O23),$S$15,IF(AND($B23=M23,OR($C23=N23,$D23=O23)),$S$16+$S$17,IF(OR($B23=M23,AND($C23=N23,$D23=O23)),$S$16,IF(OR($C23=N23,$D23=O23),$S$17))))) -> FALSE
A24: 45691 | B24: Hirten | C24: Truthahnbraten | D24: Reis | E24: Hirten | F24: Fleischkrapfln | G24: Püree | H24: =IF(ISBLANK($B24),$S$18,IF(AND($B24=E24,$C24=F24,$D24=G24),$S$15,IF(AND($B24=E24,OR($C24=F24,$D24=G24)),$S$16+$S$17,IF(OR($B24=E24,AND($C24=F24,$D24=G24)),$S$16,IF(OR($C24=F24,$D24=G24),$S$17))))) -> 1 | I24: Hirten | J24: Truthahngeschnetzeltes | K24: Püree | L24: =IF(ISBLANK($B24),$S$18,IF(AND($B24=I24,$C24=J24,$D24=K24),$S$15,IF(AND($B24=I24,OR($C24=J24,$D24=K24)),$S$16+$S$17,IF(OR($B24=I24,AND($C24=J24,$D24=K24)),$S$16,IF(OR($C24=J24,$D24=K24),$S$17))))) -> 1 | M24: Hirten | N24: Truthahnschnitzel | O24: Reis | P24: =IF(ISBLANK($B24),$S$18,IF(AND($B24=M24,$C24=N24,$D24=O24),$S$15,IF(AND($B24=M24,OR($C24=N24,$D24=O24)),$S$16+$S$17,IF(OR($B24=M24,AND($C24=N24,$D24=O24)),$S$16,IF(OR($C24=N24,$D24=O24),$S$17))))) -> 1.5
A25: 45692 | B25: Spinatspatzlen | C25: Schweinsgulasch | D25: Püree | E25: Pizzastrudel | F25: Hühnerhaxlen | G25: Ofenkartoffeln | H25: =IF(ISBLANK($B25),$S$18,IF(AND($B25=E25,$C25=F25,$D25=G25),$S$15,IF(AND($B25=E25,OR($C25=F25,$D25=G25)),$S$16+$S$17,IF(OR($B25=E25,AND($C25=F25,$D25=G25)),$S$16,IF(OR($C25=F25,$D25=G25),$S$17))))) -> FALSE | I25: Käseknödel | J25: Pizzaioloschnitzel | K25: Ofenkartoffeln | L25: =IF(ISBLANK($B25),$S$18,IF(AND($B25=I25,$C25=J25,$D25=K25),$S$15,IF(AND($B25=I25,OR($C25=J25,$D25=K25)),$S$16+$S$17,IF(OR($B25=I25,AND($C25=J25,$D25=K25)),$S$16,IF(OR($C25=J25,$D25=K25),$S$17))))) -> FALSE | M25: Pizza | N25: Schweinsfilet | O25: Spatzlen | P25: =IF(ISBLANK($B25),$S$18,IF(AND($B25=M25,$C25=N25,$D25=O25),$S$15,IF(AND($B25=M25,OR($C25=N25,$D25=O25)),$S$16+$S$17,IF(OR($B25=M25,AND($C25=N25,$D25=O25)),$S$16,IF(OR($C25=N25,$D25=O25),$S$17))))) -> FALSE
A26: 45693 | B26: Nudel mit Thunfischsoße | C26: Wienerschnitzel | D26: Pommes | E26: Carbonara | F26: Pizzaioloschnitzel | G26: Pommes | H26: =IF(ISBLANK($B26),$S$18,IF(AND($B26=E26,$C26=F26,$D26=G26),$S$15,IF(AND($B26=E26,OR($C26=F26,$D26=G26)),$S$16+$S$17,IF(OR($B26=E26,AND($C26=F26,$D26=G26)),$S$16,IF(OR($C26=F26,$D26=G26),$S$17))))) -> 0.5 | I26: Nudel mit Thunfischsoße | J26: Leberkas | K26: Pommes | L26: =IF(ISBLANK($B26),$S$18,IF(AND($B26=I26,$C26=J26,$D26=K26),$S$15,IF(AND($B26=I26,OR($C26=J26,$D26=K26)),$S$16+$S$17,IF(OR($B26=I26,AND($C26=J26,$D26=K26)),$S$16,IF(OR($C26=J26,$D26=K26),$S$17))))) -> 1.5 | M26: Putanesca | N26: Truthahnschnitzel | O26: Ofenkartoffeln | P26: =IF(ISBLANK($B26),$S$18,IF(AND($B26=M26,$C26=N26,$D26=O26),$S$15,IF(AND($B26=M26,OR($C26=N26,$D26=O26)),$S$16+$S$17,IF(OR($B26=M26,AND($C26=N26,$D26=O26)),$S$16,IF(OR($C26=N26,$D26=O26),$S$17))))) -> FALSE
A27: 45694 | B27: Carbonara | C27: Hühnerhaxlen | D27: Pommes | E27: Käseknödel | F27: Sparerips | G27: Ofenkartoffeln | H27: =IF(ISBLANK($B27),$S$18,IF(AND($B27=E27,$C27=F27,$D27=G27),$S$15,IF(AND($B27=E27,OR($C27=F27,$D27=G27)),$S$16+$S$17,IF(OR($B27=E27,AND($C27=F27,$D27=G27)),$S$16,IF(OR($C27=F27,$D27=G27),$S$17))))) -> FALSE | I27: Käseknödel | J27: Pizzaioloschnitzel | K27: Ofenkartoffeln | L27: =IF(ISBLANK($B27),$S$18,IF(AND($B27=I27,$C27=J27,$D27=K27),$S$15,IF(AND($B27=I27,OR($C27=J27,$D27=K27)),$S$16+$S$17,IF(OR($B27=I27,AND($C27=J27,$D27=K27)),$S$16,IF(OR($C27=J27,$D27=K27),$S$17))))) -> FALSE | M27: Carbonara | N27: Hauswurst | O27: Plent | P27: =IF(ISBLANK($B27),$S$18,IF(AND($B27=M27,$C27=N27,$D27=O27),$S$15,IF(AND($B27=M27,OR($C27=N27,$D27=O27)),$S$16+$S$17,IF(OR($B27=M27,AND($C27=N27,$D27=O27)),$S$16,IF(OR($C27=N27,$D27=O27),$S$17))))) -> 1
A28: 45695 | B28: Käseknödel | C28: Chilli con carne | D28: Reis | E28: Plentauflauf | F28: Vitello tonnato | G28: Salzkartoffeln | H28: =IF(ISBLANK($B28),$S$18,IF(AND($B28=E28,$C28=F28,$D28=G28),$S$15,IF(AND($B28=E28,OR($C28=F28,$D28=G28)),$S$16+$S$17,IF(OR($B28=E28,AND($C28=F28,$D28=G28)),$S$16,IF(OR($C28=F28,$D28=G28),$S$17))))) -> FALSE | I28: Spinatknödel | J28: Fisch | K28: Salzkartoffeln | L28: =IF(ISBLANK($B28),$S$18,IF(AND($B28=I28,$C28=J28,$D28=K28),$S$15,IF(AND($B28=I28,OR($C28=J28,$D28=K28)),$S$16+$S$17,IF(OR($B28=I28,AND($C28=J28,$D28=K28)),$S$16,IF(OR($C28=J28,$D28=K28),$S$17))))) -> FALSE | M28: Pizzastrudel | N28: Schweinsfilet | O28: Kartoffelgratin | P28: =IF(ISBLANK($B28),$S$18,IF(AND($B28=M28,$C28=N28,$D28=O28),$S$15,IF(AND($B28=M28,OR($C28=N28,$D28=O28)),$S$16+$S$17,IF(OR($B28=M28,AND($C28=N28,$D28=O28)),$S$16,IF(OR($C28=N28,$D28=O28),$S$17))))) -> FALSE
A29: 45698 | B29: Nudel Mammarosa | C29: Truthahnschnitzel | D29: Ofenkartoffeln | E29: - | F29: - | G29: - | H29: =IF(ISBLANK($B29),$S$18,IF(AND($B29=E29,$C29=F29,$D29=G29),$S$15,IF(AND($B29=E29,OR($C29=F29,$D29=G29)),$S$16+$S$17,IF(OR($B29=E29,AND($C29=F29,$D29=G29)),$S$16,IF(OR($C29=F29,$D29=G29),$S$17))))) -> FALSE | I29: Putanesca | J29: Leberkas | K29: Ofenkartoffeln | L29: =IF(ISBLANK($B29),$S$18,IF(AND($B29=I29,$C29=J29,$D29=K29),$S$15,IF(AND($B29=I29,OR($C29=J29,$D29=K29)),$S$16+$S$17,IF(OR($B29=I29,AND($C29=J29,$D29=K29)),$S$16,IF(OR($C29=J29,$D29=K29),$S$17))))) -> 0.5 | M29: Lasagne | N29: Truthahnschnitzel | O29: Reis | P29: =IF(ISBLANK($B29),$S$18,IF(AND($B29=M29,$C29=N29,$D29=O29),$S$15,IF(AND($B29=M29,OR($C29=N29,$D29=O29)),$S$16+$S$17,IF(OR($B29=M29,AND($C29=N29,$D29=O29)),$S$16,IF(OR($C29=N29,$D29=O29),$S$17))))) -> 0.5
A30: 45699 | B30: Gnocchi mit Ragu | C30: Schnitzel mit Champignonsauce | D30: Reis | E30: Nudel mit Käsesoße | F30: Gekochtes Rindfleisch | G30: Salzkartoffeln | H30: =IF(ISBLANK($B30),$S$18,IF(AND($B30=E30,$C30=F30,$D30=G30),$S$15,IF(AND($B30=E30,OR($C30=F30,$D30=G30)),$S$16+$S$17,IF(OR($B30=E30,AND($C30=F30,$D30=G30)),$S$16,IF(OR($C30=F30,$D30=G30),$S$17))))) -> FALSE | I30: Spinatspatzlen | J30: Schweinsbraten | K30: Reis | L30: =IF(ISBLANK($B30),$S$18,IF(AND($B30=I30,$C30=J30,$D30=K30),$S$15,IF(AND($B30=I30,OR($C30=J30,$D30=K30)),$S$16+$S$17,IF(OR($B30=I30,AND($C30=J30,$D30=K30)),$S$16,IF(OR($C30=J30,$D30=K30),$S$17))))) -> 0.5 | M30: Putanesca | N30: Schweinsfilet | O30: Spatzlen | P30: =IF(ISBLANK($B30),$S$18,IF(AND($B30=M30,$C30=N30,$D30=O30),$S$15,IF(AND($B30=M30,OR($C30=N30,$D30=O30)),$S$16+$S$17,IF(OR($B30=M30,AND($C30=N30,$D30=O30)),$S$16,IF(OR($C30=N30,$D30=O30),$S$17))))) -> FALSE
... A177: 45937 | B177: Lasagne | C177: Hühnerbrust | D177: Kroketten | E177: Tortellini mit Schinken-Rahm | F177: Wienerschnitzel | G177: Kartoffelsalat | H177: =IF(ISBLANK($B177),$S$18,IF(AND($B177=E177,$C177=F177,$D177=G177),$S$15,IF(AND($B177=E177,OR($C177=F177,$D177=G177)),$S$16+$S$17,IF(OR($B177=E177,AND($C177=F177,$D177=G177)),$S$16,IF(OR($C177=F177,$D177=G177),$S$17))))) -> FALSE | I177: Carbonara | J177: Leberkas | K177: Röstkartoffeln | L177: =IF(ISBLANK($B177),$S$18,IF(AND($B177=I177,$C177=J177,$D177=K177),$S$15,IF(AND($B177=I177,OR($C177=J177,$D177=K177)),$S$16+$S$17,IF(OR($B177=I177,AND($C177=J177,$D177=K177)),$S$16,IF(OR($C177=J177,$D177=K177),$S$17))))) -> FALSE | M177: Spinatspatzlen | N177: Truthahnschnitzel | O177: Ofenkartoffeln | P177: =IF(ISBLANK($B177),$S$18,IF(AND($B177=M177,$C177=N177,$D177=O177),$S$15,IF(AND($B177=M177,OR($C177=N177,$D177=O177)),$S$16+$S$17,IF(OR($B177=M177,AND($C177=N177,$D177=O177)),$S$16,IF(OR($C177=N177,$D177=O177),$S$17))))) -> FALSE
A178: 45938 | B178: Aglio olio | C178: Cordon Bleu | D178: Kartoffelsalat / Pommes | E178: Nudel mit Käsesoße | F178: Currywurst | G178: Kartoffelsalat / Pommes | H178: =IF(ISBLANK($B178),$S$18,IF(AND($B178=E178,$C178=F178,$D178=G178),$S$15,IF(AND($B178=E178,OR($C178=F178,$D178=G178)),$S$16+$S$17,IF(OR($B178=E178,AND($C178=F178,$D178=G178)),$S$16,IF(OR($C178=F178,$D178=G178),$S$17))))) -> 0.5 | I178: Spinatspatzlen | J178: Wienerschnitzel | K178: Kartoffelsalat / Pommes | L178: =IF(ISBLANK($B178),$S$18,IF(AND($B178=I178,$C178=J178,$D178=K178),$S$15,IF(AND($B178=I178,OR($C178=J178,$D178=K178)),$S$16+$S$17,IF(OR($B178=I178,AND($C178=J178,$D178=K178)),$S$16,IF(OR($C178=J178,$D178=K178),$S$17))))) -> 0.5 | M178: Aglio olio | N178: Leberkas | O178: Röstkartoffeln | P178: =IF(ISBLANK($B178),$S$18,IF(AND($B178=M178,$C178=N178,$D178=O178),$S$15,IF(AND($B178=M178,OR($C178=N178,$D178=O178)),$S$16+$S$17,IF(OR($B178=M178,AND($C178=N178,$D178=O178)),$S$16,IF(OR($C178=N178,$D178=O178),$S$17))))) -> 1 | Q178: x
A179: 45939 | B179: Tortellini mit Schinken-Rahm | C179: Schweinsschopf | D179: Ofenkartoffeln | E179: Spinatknödel | F179: Schweinsschopfbraten | G179: Spatzlen | H179: =IF(ISBLANK($B179),$S$18,IF(AND($B179=E179,$C179=F179,$D179=G179),$S$15,IF(AND($B179=E179,OR($C179=F179,$D179=G179)),$S$16+$S$17,IF(OR($B179=E179,AND($C179=F179,$D179=G179)),$S$16,IF(OR($C179=F179,$D179=G179),$S$17))))) -> FALSE | I179: Schlutzer | J179: Gulasch | K179: Spatzlen | L179: 3 | M179: Spinatspatzlen | N179: Schweinsfilet | O179: Kartoffelgratin | P179: =IF(ISBLANK($B179),$S$18,IF(AND($B179=M179,$C179=N179,$D179=O179),$S$15,IF(AND($B179=M179,OR($C179=N179,$D179=O179)),$S$16+$S$17,IF(OR($B179=M179,AND($C179=N179,$D179=O179)),$S$16,IF(OR($C179=N179,$D179=O179),$S$17))))) -> FALSE
A180: 45940 | B180: Nudel mit Käsesoße | C180: Gulasch | D180: Reis | E180: Spinatspatzlen | F180: Gulasch | G180: Plent | H180: =IF(ISBLANK($B180),$S$18,IF(AND($B180=E180,$C180=F180,$D180=G180),$S$15,IF(AND($B180=E180,OR($C180=F180,$D180=G180)),$S$16+$S$17,IF(OR($B180=E180,AND($C180=F180,$D180=G180)),$S$16,IF(OR($C180=F180,$D180=G180),$S$17))))) -> 0.5 | I180: Carbonara | J180: Leberkas | K180: Röstkartoffeln | L180: =IF(ISBLANK($B180),$S$18,IF(AND($B180=I180,$C180=J180,$D180=K180),$S$15,IF(AND($B180=I180,OR($C180=J180,$D180=K180)),$S$16+$S$17,IF(OR($B180=I180,AND($C180=J180,$D180=K180)),$S$16,IF(OR($C180=J180,$D180=K180),$S$17))))) -> FALSE | M180: Nudel mit Käsesoße | N180: Truthahngeschnetzeltes | O180: Püree | P180: =IF(ISBLANK($B180),$S$18,IF(AND($B180=M180,$C180=N180,$D180=O180),$S$15,IF(AND($B180=M180,OR($C180=N180,$D180=O180)),$S$16+$S$17,IF(OR($B180=M180,AND($C180=N180,$D180=O180)),$S$16,IF(OR($C180=N180,$D180=O180),$S$17))))) -> 1
A181: 45943 | B181: Hirten | C181: Schweinsschnitzel mit Kräuterrahmsoße | D181: Reis | E181: Nudel mit Ragu | F181: Truthahngeschnetzeltes | G181: Reis | H181: =IF(ISBLANK($B181),$S$18,IF(AND($B181=E181,$C181=F181,$D181=G181),$S$15,IF(AND($B181=E181,OR($C181=F181,$D181=G181)),$S$16+$S$17,IF(OR($B181=E181,AND($C181=F181,$D181=G181)),$S$16,IF(OR($C181=F181,$D181=G181),$S$17))))) -> 0.5 | I181: Amatriciana | J181: Schweinsschnitzel mit Kräuterrahmsoße | K181: Kartoffelgratin | L181: =IF(ISBLANK($B181),$S$18,IF(AND($B181=I181,$C181=J181,$D181=K181),$S$15,IF(AND($B181=I181,OR($C181=J181,$D181=K181)),$S$16+$S$17,IF(OR($B181=I181,AND($C181=J181,$D181=K181)),$S$16,IF(OR($C181=J181,$D181=K181),$S$17))))) -> 0.5 | M181: Arrabbiata | N181: Schweinsschnitzel mit Kräuterrahmsoße | O181: Spatzlen | P181: =IF(ISBLANK($B181),$S$18,IF(AND($B181=M181,$C181=N181,$D181=O181),$S$15,IF(AND($B181=M181,OR($C181=N181,$D181=O181)),$S$16+$S$17,IF(OR($B181=M181,AND($C181=N181,$D181=O181)),$S$16,IF(OR($C181=N181,$D181=O181),$S$17))))) -> 0.5 | Q181: x
A182: 45944 | B182: Arrabbiata | C182: Truthahnbraten | D182: Spatzlen | E182: Putanesca | F182: Currywurst | G182: Pommes | H182: =IF(ISBLANK($B182),$S$18,IF(AND($B182=E182,$C182=F182,$D182=G182),$S$15,IF(AND($B182=E182,OR($C182=F182,$D182=G182)),$S$16+$S$17,IF(OR($B182=E182,AND($C182=F182,$D182=G182)),$S$16,IF(OR($C182=F182,$D182=G182),$S$17))))) -> FALSE | I182: Carbonara | J182: Leberkas | K182: Röstkartoffeln | L182: =IF(ISBLANK($B182),$S$18,IF(AND($B182=I182,$C182=J182,$D182=K182),$S$15,IF(AND($B182=I182,OR($C182=J182,$D182=K182)),$S$16+$S$17,IF(OR($B182=I182,AND($C182=J182,$D182=K182)),$S$16,IF(OR($C182=J182,$D182=K182),$S$17))))) -> FALSE | M182: Spinatspatzlen | N182: Truthahngeschnetzeltes | O182: Püree | P182: =IF(ISBLANK($B182),$S$18,IF(AND($B182=M182,$C182=N182,$D182=O182),$S$15,IF(AND($B182=M182,OR($C182=N182,$D182=O182)),$S$16+$S$17,IF(OR($B182=M182,AND($C182=N182,$D182=O182)),$S$16,IF(OR($C182=N182,$D182=O182),$S$17))))) -> FALSE
A183: 45945 | B183: Plentauflauf | C183: Leberkas | D183: Pommes | E183: Schlutzer | F183: Hühnerhaxlen | G183: Ofenkartoffeln | H183: =IF(ISBLANK($B183),$S$18,IF(AND($B183=E183,$C183=F183,$D183=G183),$S$15,IF(AND($B183=E183,OR($C183=F183,$D183=G183)),$S$16+$S$17,IF(OR($B183=E183,AND($C183=F183,$D183=G183)),$S$16,IF(OR($C183=F183,$D183=G183),$S$17))))) -> FALSE | I183: Spinatspatzlen | J183: Currywurst | K183: Pommes | L183: =IF(ISBLANK($B183),$S$18,IF(AND($B183=I183,$C183=J183,$D183=K183),$S$15,IF(AND($B183=I183,OR($C183=J183,$D183=K183)),$S$16+$S$17,IF(OR($B183=I183,AND($C183=J183,$D183=K183)),$S$16,IF(OR($C183=J183,$D183=K183),$S$17))))) -> 0.5 | M183: Spinatknödel mit Käsesoße | N183: Wienerschnitzel | O183: Pommes | P183: =IF(ISBLANK($B183),$S$18,IF(AND($B183=M183,$C183=N183,$D183=O183),$S$15,IF(AND($B183=M183,OR($C183=N183,$D183=O183)),$S$16+$S$17,IF(OR($B183=M183,AND($C183=N183,$D183=O183)),$S$16,IF(OR($C183=N183,$D183=O183),$S$17))))) -> 0.5
A184: 45946 | B184: Aglio olio | C184: Chilli con carne | D184: Reis | E184: Aglio olio | F184: Chilli con carne | G184: Reis | H184: =IF(ISBLANK($B184),$S$18,IF(AND($B184=E184,$C184=F184,$D184=G184),$S$15,IF(AND($B184=E184,OR($C184=F184,$D184=G184)),$S$16+$S$17,IF(OR($B184=E184,AND($C184=F184,$D184=G184)),$S$16,IF(OR($C184=F184,$D184=G184),$S$17))))) -> 3 | I184: Aglio olio | J184: Chilli con carne | K184: Reis | L184: =IF(ISBLANK($B184),$S$18,IF(AND($B184=I184,$C184=J184,$D184=K184),$S$15,IF(AND($B184=I184,OR($C184=J184,$D184=K184)),$S$16+$S$17,IF(OR($B184=I184,AND($C184=J184,$D184=K184)),$S$16,IF(OR($C184=J184,$D184=K184),$S$17))))) -> 3 | M184: Aglio olio | N184: Chilli con carne | O184: Reis | P184: =IF(ISBLANK($B184),$S$18,IF(AND($B184=M184,$C184=N184,$D184=O184),$S$15,IF(AND($B184=M184,OR($C184=N184,$D184=O184)),$S$16+$S$17,IF(OR($B184=M184,AND($C184=N184,$D184=O184)),$S$16,IF(OR($C184=N184,$D184=O184),$S$17))))) -> 3
A185: 45947 | B185: Schlutzer | C185: Schweinsschnitzel | D185: Ofenkartoffeln | E185: - | F185: - | G185: - | H185: =IF(ISBLANK($B185),$S$18,IF(AND($B185=E185,$C185=F185,$D185=G185),$S$15,IF(AND($B185=E185,OR($C185=F185,$D185=G185)),$S$16+$S$17,IF(OR($B185=E185,AND($C185=F185,$D185=G185)),$S$16,IF(OR($C185=F185,$D185=G185),$S$17))))) -> FALSE | I185: Nudel mit Meeresfrüchte | J185: Hühnerhaxlen | K185: Ofenkartoffeln | L185: =IF(ISBLANK($B185),$S$18,IF(AND($B185=I185,$C185=J185,$D185=K185),$S$15,IF(AND($B185=I185,OR($C185=J185,$D185=K185)),$S$16+$S$17,IF(OR($B185=I185,AND($C185=J185,$D185=K185)),$S$16,IF(OR($C185=J185,$D185=K185),$S$17))))) -> 0.5 | M185: Spinatspatzlen | N185: Schweinsfilet | O185: Kartoffelgratin | P185: =IF(ISBLANK($B185),$S$18,IF(AND($B185=M185,$C185=N185,$D185=O185),$S$15,IF(AND($B185=M185,OR($C185=N185,$D185=O185)),$S$16+$S$17,IF(OR($B185=M185,AND($C185=N185,$D185=O185)),$S$16,IF(OR($C185=N185,$D185=O185),$S$17))))) -> FALSE
A186: 45950 | B186: Amatriciana | C186: Schweinsgulasch | D186: Püree | E186: Nudel mit Thunfischsoße | F186: Champignonschnitzel | G186: Püree | H186: =IF(ISBLANK($B186),$S$18,IF(AND($B186=E186,$C186=F186,$D186=G186),$S$15,IF(AND($B186=E186,OR($C186=F186,$D186=G186)),$S$16+$S$17,IF(OR($B186=E186,AND($C186=F186,$D186=G186)),$S$16,IF(OR($C186=F186,$D186=G186),$S$17))))) -> 0.5 | I186: Amatriciana | J186: Truthahnschnitzel | K186: Pommes | L186: =IF(ISBLANK($B186),$S$18,IF(AND($B186=I186,$C186=J186,$D186=K186),$S$15,IF(AND($B186=I186,OR($C186=J186,$D186=K186)),$S$16+$S$17,IF(OR($B186=I186,AND($C186=J186,$D186=K186)),$S$16,IF(OR($C186=J186,$D186=K186),$S$17))))) -> 1 | M186: Arrabbiata | N186: Champignonschnitzel | O186: Reis | P186: =IF(ISBLANK($B186),$S$18,IF(AND($B186=M186,$C186=N186,$D186=O186),$S$15,IF(AND($B186=M186,OR($C186=N186,$D186=O186)),$S$16+$S$17,IF(OR($B186=M186,AND($C186=N186,$D186=O186)),$S$16,IF(OR($C186=N186,$D186=O186),$S$17))))) -> FALSE
A187: 45951 | B187: Spinatspatzlen | C187: Hühnerhaxlen | D187: Pommes | E187: Spinatspatzlen | F187: Truthahnschnitzel | G187: Reis | H187: =IF(ISBLANK($B187),$S$18,IF(AND($B187=E187,$C187=F187,$D187=G187),$S$15,IF(AND($B187=E187,OR($C187=F187,$D187=G187)),$S$16+$S$17,IF(OR($B187=E187,AND($C187=F187,$D187=G187)),$S$16,IF(OR($C187=F187,$D187=G187),$S$17))))) -> 1 | I187: Tortellini mit Schinken-Rahm | J187: Truthahngeschnetzeltes | K187: Reis | L187: =IF(ISBLANK($B187),$S$18,IF(AND($B187=I187,$C187=J187,$D187=K187),$S$15,IF(AND($B187=I187,OR($C187=J187,$D187=K187)),$S$16+$S$17,IF(OR($B187=I187,AND($C187=J187,$D187=K187)),$S$16,IF(OR($C187=J187,$D187=K187),$S$17))))) -> FALSE | M187: Pizzastrudel | N187: Truthahngeschnetzeltes | O187: Ofenkartoffeln | P187: =IF(ISBLANK($B187),$S$18,IF(AND($B187=M187,$C187=N187,$D187=O187),$S$15,IF(AND($B187=M187,OR($C187=N187,$D187=O187)),$S$16+$S$17,IF(OR($B187=M187,AND($C187=N187,$D187=O187)),$S$16,IF(OR($C187=N187,$D187=O187),$S$17))))) -> FALSE
A188: 45952 | B188: Nudel mit Thunfischsoße | C188: Schweinsschnitzel | D188: Reis | E188: Pizzastrudel | F188: Wienerschnitzel | G188: Kartoffelsalat | H188: =IF(ISBLANK($B188),$S$18,IF(AND($B188=E188,$C188=F188,$D188=G188),$S$15,IF(AND($B188=E188,OR($C188=F188,$D188=G188)),$S$16+$S$17,IF(OR($B188=E188,AND($C188=F188,$D188=G188)),$S$16,IF(OR($C188=F188,$D188=G188),$S$17))))) -> FALSE | I188: Lasagne | J188: Wienerschnitzel | K188: Kartoffelsalat | L188: =IF(ISBLANK($B188),$S$18,IF(AND($B188=I188,$C188=J188,$D188=K188),$S$15,IF(AND($B188=I188,OR($C188=J188,$D188=K188)),$S$16+$S$17,IF(OR($B188=I188,AND($C188=J188,$D188=K188)),$S$16,IF(OR($C188=J188,$D188=K188),$S$17))))) -> FALSE | M188: Carbonara | N188: Hauswurst | O188: Plent | P188: =IF(ISBLANK($B188),$S$18,IF(AND($B188=M188,$C188=N188,$D188=O188),$S$15,IF(AND($B188=M188,OR($C188=N188,$D188=O188)),$S$16+$S$17,IF(OR($B188=M188,AND($C188=N188,$D188=O188)),$S$16,IF(OR($C188=N188,$D188=O188),$S$17))))) -> FALSE
A189: 45953 | B189: Nudel Mammarosa / Gulaschsuppe | C189: Truthahngeschnetzeltes | D189: Spatzlen | E189: Lasagne | F189: Pizzaioloschnitzel | G189: Ofenkartoffeln | H189: =IF(ISBLANK($B189),$S$18,IF(AND($B189=E189,$C189=F189,$D189=G189),$S$15,IF(AND($B189=E189,OR($C189=F189,$D189=G189)),$S$16+$S$17,IF(OR($B189=E189,AND($C189=F189,$D189=G189)),$S$16,IF(OR($C189=F189,$D189=G189),$S$17))))) -> FALSE | I189: Carbonara | J189: Truthahnschnitzel | K189: Ofenkartoffeln | L189: =IF(ISBLANK($B189),$S$18,IF(AND($B189=I189,$C189=J189,$D189=K189),$S$15,IF(AND($B189=I189,OR($C189=J189,$D189=K189)),$S$16+$S$17,IF(OR($B189=I189,AND($C189=J189,$D189=K189)),$S$16,IF(OR($C189=J189,$D189=K189),$S$17))))) -> FALSE | M189: Aglio olio | N189: Truthahnschnitzel | O189: Spatzlen | P189: =IF(ISBLANK($B189),$S$18,IF(AND($B189=M189,$C189=N189,$D189=O189),$S$15,IF(AND($B189=M189,OR($C189=N189,$D189=O189)),$S$16+$S$17,IF(OR($B189=M189,AND($C189=N189,$D189=O189)),$S$16,IF(OR($C189=N189,$D189=O189),$S$17))))) -> 0.5
A190: 45954 | B190: Nudel mit Ragu | C190: Wienerschnitzel | D190: Pommes | E190: Nudel mit Käsesoße | F190: Leberkas | G190: Röstkartoffeln | H190: =IF(ISBLANK($B190),$S$18,IF(AND($B190=E190,$C190=F190,$D190=G190),$S$15,IF(AND($B190=E190,OR($C190=F190,$D190=G190)),$S$16+$S$17,IF(OR($B190=E190,AND($C190=F190,$D190=G190)),$S$16,IF(OR($C190=F190,$D190=G190),$S$17))))) -> FALSE | I190: Lasagne | J190: Wienerschnitzel | K190: Pommes | L190: =IF(ISBLANK($B190),$S$18,IF(AND($B190=I190,$C190=J190,$D190=K190),$S$15,IF(AND($B190=I190,OR($C190=J190,$D190=K190)),$S$16+$S$17,IF(OR($B190=I190,AND($C190=J190,$D190=K190)),$S$16,IF(OR($C190=J190,$D190=K190),$S$17))))) -> 1 | M190: Hirten | N190: Schweinsfilet | O190: Kartoffelgratin | P190: =IF(ISBLANK($B190),$S$18,IF(AND($B190=M190,$C190=N190,$D190=O190),$S$15,IF(AND($B190=M190,OR($C190=N190,$D190=O190)),$S$16+$S$17,IF(OR($B190=M190,AND($C190=N190,$D190=O190)),$S$16,IF(OR($C190=N190,$D190=O190),$S$17))))) -> FALSE
A191: 45957 | B191: Nudel mit Käsesoße | C191: Hackbraten | D191: Reis | E191: Schlutzer | F191: Champignonschnitzel | G191: Reis | H191: =IF(ISBLANK($B191),$S$18,IF(AND($B191=E191,$C191=F191,$D191=G191),$S$15,IF(AND($B191=E191,OR($C191=F191,$D191=G191)),$S$16+$S$17,IF(OR($B191=E191,AND($C191=F191,$D191=G191)),$S$16,IF(OR($C191=F191,$D191=G191),$S$17))))) -> 0.5 | I191: Hirten | J191: Champignonschnitzel | K191: Reis | L191: =IF(ISBLANK($B191),$S$18,IF(AND($B191=I191,$C191=J191,$D191=K191),$S$15,IF(AND($B191=I191,OR($C191=J191,$D191=K191)),$S$16+$S$17,IF(OR($B191=I191,AND($C191=J191,$D191=K191)),$S$16,IF(OR($C191=J191,$D191=K191),$S$17))))) -> 0.5 | M191: Putanesca | N191: Champignonschnitzel | O191: Reis | P191: =IF(ISBLANK($B191),$S$18,IF(AND($B191=M191,$C191=N191,$D191=O191),$S$15,IF(AND($B191=M191,OR($C191=N191,$D191=O191)),$S$16+$S$17,IF(OR($B191=M191,AND($C191=N191,$D191=O191)),$S$16,IF(OR($C191=N191,$D191=O191),$S$17))))) -> 0.5
A192: 45958 | B192: Ravioli mit Tomantensoße | C192: Champignonschnitzel | D192: Kartoffelgratin | E192: Tortellini mit Schinken-Rahm | F192: Truthahnschnitzel | G192: Pommes | H192: =IF(ISBLANK($B192),$S$18,IF(AND($B192=E192,$C192=F192,$D192=G192),$S$15,IF(AND($B192=E192,OR($C192=F192,$D192=G192)),$S$16+$S$17,IF(OR($B192=E192,AND($C192=F192,$D192=G192)),$S$16,IF(OR($C192=F192,$D192=G192),$S$17))))) -> FALSE | I192: Carbonara | J192: Schweinsschnitzel | K192: Ofenkartoffeln | L192: =IF(ISBLANK($B192),$S$18,IF(AND($B192=I192,$C192=J192,$D192=K192),$S$15,IF(AND($B192=I192,OR($C192=J192,$D192=K192)),$S$16+$S$17,IF(OR($B192=I192,AND($C192=J192,$D192=K192)),$S$16,IF(OR($C192=J192,$D192=K192),$S$17))))) -> FALSE | M192: Arrabbiata | N192: Pizzaioloschnitzel | O192: Ofenkartoffeln | P192: =IF(ISBLANK($B192),$S$18,IF(AND($B192=M192,$C192=N192,$D192=O192),$S$15,IF(AND($B192=M192,OR($C192=N192,$D192=O192)),$S$16+$S$17,IF(OR($B192=M192,AND($C192=N192,$D192=O192)),$S$16,IF(OR($C192=N192,$D192=O192),$S$17))))) -> FALSE
A193: 45959 | B193: Hirten | C193: Schweinskotelett | D193: Ofenkartoffeln | E193: Spinatcannelloni | F193: Wienerschnitzel | G193: Püree | H193: =IF(ISBLANK($B193),$S$18,IF(AND($B193=E193,$C193=F193,$D193=G193),$S$15,IF(AND($B193=E193,OR($C193=F193,$D193=G193)),$S$16+$S$17,IF(OR($B193=E193,AND($C193=F193,$D193=G193)),$S$16,IF(OR($C193=F193,$D193=G193),$S$17))))) -> FALSE | I193: Arrabbiata | J193: Cordon Bleu | K193: Pommes | L193: =IF(ISBLANK($B193),$S$18,IF(AND($B193=I193,$C193=J193,$D193=K193),$S$15,IF(AND($B193=I193,OR($C193=J193,$D193=K193)),$S$16+$S$17,IF(OR($B193=I193,AND($C193=J193,$D193=K193)),$S$16,IF(OR($C193=J193,$D193=K193),$S$17))))) -> FALSE | M193: Lasagne | N193: Leberkas | O193: Röstkartoffeln | P193: =IF(ISBLANK($B193),$S$18,IF(AND($B193=M193,$C193=N193,$D193=O193),$S$15,IF(AND($B193=M193,OR($C193=N193,$D193=O193)),$S$16+$S$17,IF(OR($B193=M193,AND($C193=N193,$D193=O193)),$S$16,IF(OR($C193=N193,$D193=O193),$S$17))))) -> FALSE
... A228: 46009 | B228: Nudel mit Lachs | C228: Truthahnschnitzel | D228: Ofenkartoffeln | E228: Tortellini mit Schinken-Rahm | F228: Schweinsfilet | G228: Kroketten | H228: =IF(ISBLANK($B228),$S$18,IF(AND($B228=E228,$C228=F228,$D228=G228),$S$15,IF(AND($B228=E228,OR($C228=F228,$D228=G228)),$S$16+$S$17,IF(OR($B228=E228,AND($C228=F228,$D228=G228)),$S$16,IF(OR($C228=F228,$D228=G228),$S$17))))) -> FALSE | I228: Hirten | J228: Hauswurst | K228: Kraut | L228: =IF(ISBLANK($B228),$S$18,IF(AND($B228=I228,$C228=J228,$D228=K228),$S$15,IF(AND($B228=I228,OR($C228=J228,$D228=K228)),$S$16+$S$17,IF(OR($B228=I228,AND($C228=J228,$D228=K228)),$S$16,IF(OR($C228=J228,$D228=K228),$S$17))))) -> FALSE | M228: Lasagne | N228: Truthahngeschnetzeltes | O228: Püree | P228: =IF(ISBLANK($B228),$S$18,IF(AND($B228=M228,$C228=N228,$D228=O228),$S$15,IF(AND($B228=M228,OR($C228=N228,$D228=O228)),$S$16+$S$17,IF(OR($B228=M228,AND($C228=N228,$D228=O228)),$S$16,IF(OR($C228=N228,$D228=O228),$S$17))))) -> FALSE
A229: 46010 | B229: Nudel Mammarosa | C229: Cordon Bleu | D229: Kartoffelsalat | E229: Hirten | F229: Leberkas | G229: Röstkartoffeln | H229: =2*(IF(ISBLANK($B229),$S$18,IF(AND($B229=E229,$C229=F229,$D229=G229),$S$15,IF(AND($B229=E229,OR($C229=F229,$D229=G229)),$S$16+$S$17,IF(OR($B229=E229,AND($C229=F229,$D229=G229)),$S$16,IF(OR($C229=F229,$D229=G229),$S$17)))))) -> 0 | I229: Carbonara | J229: Cordon Bleu | K229: Pommes | L229: =2*(IF(ISBLANK($B229),$S$18,IF(AND($B229=I229,$C229=J229,$D229=K229),$S$15,IF(AND($B229=I229,OR($C229=J229,$D229=K229)),$S$16+$S$17,IF(OR($B229=I229,AND($C229=J229,$D229=K229)),$S$16,IF(OR($C229=J229,$D229=K229),$S$17)))))) -> 1 | M229: Spinatspatzlen | N229: Rindsschnitzel | O229: Spatzlen | P229: =2*(IF(ISBLANK($B229),$S$18,IF(AND($B229=M229,$C229=N229,$D229=O229),$S$15,IF(AND($B229=M229,OR($C229=N229,$D229=O229)),$S$16+$S$17,IF(OR($B229=M229,AND($C229=N229,$D229=O229)),$S$16,IF(OR($C229=N229,$D229=O229),$S$17)))))) -> 0

Sheet 2026
A1: Tippspiel Essen Wies | E1: Andreas | I1: Johannes | M1: Noah | Q1: Johannes Paul III
A2: Regelwerk siehe entsprechendes Tabellenblatt | E2: Punkte | H2: =SUM(H9:H256) -> 44.5 | I2: Punkte | L2: =SUM(L9:L256) -> 45.5 | M2: Punkte | P2: =SUM(P9:P256) -> 41.5 | Q2: Punkte | T2: =SUM(T9:T256) -> 41
E3: Punkteausbeute | H3: =(100/(3*COUNTIFS($B$9:$B$256,"<>",$B$9:$B$256,"<>frei")))*H2 -> 8.2407407 | I3: Punkteausbeute | L3: =(100/(3*COUNTIFS($B$9:$B$256,"<>",$B$9:$B$256,"<>frei")))*L2 -> 8.4259259 | M3: Punkteausbeute | P3: =(100/(3*COUNTIFS($B$9:$B$256,"<>",$B$9:$B$256,"<>frei")))*P2 -> 7.6851852 | Q3: Punkteausbeute | T3: =(100/(3*COUNTIFS($B$9:$B$256,"<>",$B$9:$B$256,"<>frei")))*T2 -> 7.5925926
E4: Durchschnittspunkte pro Kalenderwoche | H4: =H2/_xlfn.ISOWEEKNUM(TODAY()) -> 1.0853659 | I4: Durchschnittspunkte pro Kalenderwoche | L4: =L2/_xlfn.ISOWEEKNUM(TODAY()) -> 1.1097561 | M4: Durchschnittspunkte pro Kalenderwoche | P4: =P2/_xlfn.ISOWEEKNUM(TODAY()) -> 1.0121951 | Q4: Durchschnittspunkte pro Kalenderwoche | T4: =T2/_xlfn.ISOWEEKNUM(TODAY()) -> 1
E5: Alles Falsch | H5: =COUNTIF(H9:H256,"Falsch") -> 135 | I5: Alles Falsch | L5: =COUNTIF(L9:L256,"Falsch") -> 134 | M5: Alles Falsch | P5: =COUNTIF(P9:P256,"Falsch") -> 142 | Q5: Alles Falsch | T5: =COUNTIF(T9:T256,"Falsch") -> 144
H6: =(100/COUNTIFS($B$9:$B$256,"<>",$B$9:$B$256,"<>frei"))*H5 -> 75 | L6: =(100/COUNTIFS($B$9:$B$256,"<>",$B$9:$B$256,"<>frei"))*L5 -> 74.444444 | P6: =(100/COUNTIFS($B$9:$B$256,"<>",$B$9:$B$256,"<>frei"))*P5 -> 78.888889 | T6: =(100/COUNTIFS($B$9:$B$256,"<>",$B$9:$B$256,"<>frei"))*T5 -> 80
E7: Alles Richtig | H7: =COUNTIF(H9:H256,"3") -> 0 | I7: Alles Richtig | L7: =COUNTIF(L9:L256,"3") -> 1 | M7: Alles Richtig | P7: =COUNTIF(P9:P256,"3") -> 1 | Q7: Alles Richtig | T7: =COUNTIF(T9:T256,"3") -> 2
A8: Tag | B8: Vorspeise | C8: Hauptspeise | D8: Beilage | E8: Vorspeise | F8: Hauptspeise | G8: Beilage | H8: Punkte | I8: Vorspeise | J8: Hauptspeise | K8: Beilage | L8: Punkte | M8: Vorspeise | N8: Hauptspeise | O8: Beilage | P8: Punkte | Q8: Vorspeise | R8: Hauptspeise | S8: Beilage | T8: Punkte
A9: 46034 | B9: Nudel mit Thunfischsoße | C9: Truthahngeschnetzeltes | D9: Reis | E9: Nudel mit Käsesoße | F9: Champignonschnitzel | G9: Reis | H9: =IF(ISBLANK($B9),$W$53,IF(AND($B9=E9,$C9=F9,$D9=G9),$W$50,IF(AND($B9=E9,OR($C9=F9,$D9=G9)),$W$51+$W$52,IF(OR($B9=E9,AND($C9=F9,$D9=G9)),$W$51,IF(OR($C9=F9,$D9=G9),$W$52))))) -> 0.5 | I9: Hirten | J9: Champignonschnitzel | K9: Reis | L9: =IF(ISBLANK($B9),$W$53,IF(AND($B9=I9,$C9=J9,$D9=K9),$W$50,IF(AND($B9=I9,OR($C9=J9,$D9=K9)),$W$51+$W$52,IF(OR($B9=I9,AND($C9=J9,$D9=K9)),$W$51,IF(OR($C9=J9,$D9=K9),$W$52))))) -> 0.5 | M9: - | N9: - | O9: - | P9: =IF(ISBLANK($B9),$W$53,IF(AND($B9=M9,$C9=N9,$D9=O9),$W$50,IF(AND($B9=M9,OR($C9=N9,$D9=O9)),$W$51+$W$52,IF(OR($B9=M9,AND($C9=N9,$D9=O9)),$W$51,IF(OR($C9=N9,$D9=O9),$W$52))))) -> FALSE | Q9: - | R9: - | S9: - | T9: =IF(ISBLANK($B9),$W$53,IF(AND($B9=Q9,$C9=R9,$D9=S9),$W$50,IF(AND($B9=Q9,OR($C9=R9,$D9=S9)),$W$51+$W$52,IF(OR($B9=Q9,AND($C9=R9,$D9=S9)),$W$51,IF(OR($C9=R9,$D9=S9),$W$52))))) -> FALSE
A10: 46035 | B10: Schlutzer | C10: Zigeunerschnitzel | D10: Püree | E10: Tortellini mit Schinken-Rahm | F10: Schweinsfilet | G10: Kroketten | H10: =IF(ISBLANK($B10),$W$53,IF(AND($B10=E10,$C10=F10,$D10=G10),$W$50,IF(AND($B10=E10,OR($C10=F10,$D10=G10)),$W$51+$W$52,IF(OR($B10=E10,AND($C10=F10,$D10=G10)),$W$51,IF(OR($C10=F10,$D10=G10),$W$52))))) -> FALSE | I10: Tortellini mit Schinken-Rahm | J10: Schweinsschnitzel | K10: Ofenkartoffeln | L10: =IF(ISBLANK($B10),$W$53,IF(AND($B10=I10,$C10=J10,$D10=K10),$W$50,IF(AND($B10=I10,OR($C10=J10,$D10=K10)),$W$51+$W$52,IF(OR($B10=I10,AND($C10=J10,$D10=K10)),$W$51,IF(OR($C10=J10,$D10=K10),$W$52))))) -> FALSE | M10: Amatriciana | N10: Schweinskotelett | O10: Ofenkartoffeln | P10: =IF(ISBLANK($B10),$W$53,IF(AND($B10=M10,$C10=N10,$D10=O10),$W$50,IF(AND($B10=M10,OR($C10=N10,$D10=O10)),$W$51+$W$52,IF(OR($B10=M10,AND($C10=N10,$D10=O10)),$W$51,IF(OR($C10=N10,$D10=O10),$W$52))))) -> FALSE | Q10: - | R10: - | S10: - | T10: =IF(ISBLANK($B10),$W$53,IF(AND($B10=Q10,$C10=R10,$D10=S10),$W$50,IF(AND($B10=Q10,OR($C10=R10,$D10=S10)),$W$51+$W$52,IF(OR($B10=Q10,AND($C10=R10,$D10=S10)),$W$51,IF(OR($C10=R10,$D10=S10),$W$52))))) -> FALSE
A11: 46036 | B11: Nudel mit Käsesoße | C11: Cordon Bleu | D11: Kartoffelsalat | E11: Nudel mit Käsesoße | F11: Schweinsschopfbraten | G11: Spatzlen | H11: =IF(ISBLANK($B11),$W$53,IF(AND($B11=E11,$C11=F11,$D11=G11),$W$50,IF(AND($B11=E11,OR($C11=F11,$D11=G11)),$W$51+$W$52,IF(OR($B11=E11,AND($C11=F11,$D11=G11)),$W$51,IF(OR($C11=F11,$D11=G11),$W$52))))) -> 1 | I11: Amatriciana | J11: Hühnerhaxlen | K11: Pommes | L11: =IF(ISBLANK($B11),$W$53,IF(AND($B11=I11,$C11=J11,$D11=K11),$W$50,IF(AND($B11=I11,OR($C11=J11,$D11=K11)),$W$51+$W$52,IF(OR($B11=I11,AND($C11=J11,$D11=K11)),$W$51,IF(OR($C11=J11,$D11=K11),$W$52))))) -> FALSE | M11: Hirten | N11: Truthahnbraten | O11: Kartoffelgratin | P11: =IF(ISBLANK($B11),$W$53,IF(AND($B11=M11,$C11=N11,$D11=O11),$W$50,IF(AND($B11=M11,OR($C11=N11,$D11=O11)),$W$51+$W$52,IF(OR($B11=M11,AND($C11=N11,$D11=O11)),$W$51,IF(OR($C11=N11,$D11=O11),$W$52))))) -> FALSE | Q11: - | R11: - | S11: - | T11: =IF(ISBLANK($B11),$W$53,IF(AND($B11=Q11,$C11=R11,$D11=S11),$W$50,IF(AND($B11=Q11,OR($C11=R11,$D11=S11)),$W$51+$W$52,IF(OR($B11=Q11,AND($C11=R11,$D11=S11)),$W$51,IF(OR($C11=R11,$D11=S11),$W$52))))) -> FALSE
A12: 46037 | B12: Spinatcannelloni | C12: Truthahnschnitzel | D12: Pommes | E12: Lasagne | F12: Hühnerbrust | G12: Kartoffelgratin | H12: =IF(ISBLANK($B12),$W$53,IF(AND($B12=E12,$C12=F12,$D12=G12),$W$50,IF(AND($B12=E12,OR($C12=F12,$D12=G12)),$W$51+$W$52,IF(OR($B12=E12,AND($C12=F12,$D12=G12)),$W$51,IF(OR($C12=F12,$D12=G12),$W$52))))) -> FALSE | I12: Hirten | J12: Rindsschnitzel | K12: Ofenkartoffeln | L12: =IF(ISBLANK($B12),$W$53,IF(AND($B12=I12,$C12=J12,$D12=K12),$W$50,IF(AND($B12=I12,OR($C12=J12,$D12=K12)),$W$51+$W$52,IF(OR($B12=I12,AND($C12=J12,$D12=K12)),$W$51,IF(OR($C12=J12,$D12=K12),$W$52))))) -> FALSE | M12: Aglio Olio | N12: Truthahnschnitzel | O12: Ofenkartoffeln | P12: =IF(ISBLANK($B12),$W$53,IF(AND($B12=M12,$C12=N12,$D12=O12),$W$50,IF(AND($B12=M12,OR($C12=N12,$D12=O12)),$W$51+$W$52,IF(OR($B12=M12,AND($C12=N12,$D12=O12)),$W$51,IF(OR($C12=N12,$D12=O12),$W$52))))) -> 0.5 | Q12: Spinatcannelloni | R12: - | S12: - | T12: =IF(ISBLANK($B12),$W$53,IF(AND($B12=Q12,$C12=R12,$D12=S12),$W$50,IF(AND($B12=Q12,OR($C12=R12,$D12=S12)),$W$51+$W$52,IF(OR($B12=Q12,AND($C12=R12,$D12=S12)),$W$51,IF(OR($C12=R12,$D12=S12),$W$52))))) -> 1
A13: 46038 | B13: Aglio Olio | C13: Schweinsgulasch | D13: Spatzlen | E13: Aglio Olio | F13: Schweinsschopf | G13: Spatzlen | H13: =IF(ISBLANK($B13),$W$53,IF(AND($B13=E13,$C13=F13,$D13=G13),$W$50,IF(AND($B13=E13,OR($C13=F13,$D13=G13)),$W$51+$W$52,IF(OR($B13=E13,AND($C13=F13,$D13=G13)),$W$51,IF(OR($C13=F13,$D13=G13),$W$52))))) -> 1.5 | I13: - | J13: - | K13: - | L13: =IF(ISBLANK($B13),$W$53,IF(AND($B13=I13,$C13=J13,$D13=K13),$W$50,IF(AND($B13=I13,OR($C13=J13,$D13=K13)),$W$51+$W$52,IF(OR($B13=I13,AND($C13=J13,$D13=K13)),$W$51,IF(OR($C13=J13,$D13=K13),$W$52))))) -> FALSE | M13: Nudel Mammarosa | N13: Leberkas | O13: Röstkartoffeln | P13: =IF(ISBLANK($B13),$W$53,IF(AND($B13=M13,$C13=N13,$D13=O13),$W$50,IF(AND($B13=M13,OR($C13=N13,$D13=O13)),$W$51+$W$52,IF(OR($B13=M13,AND($C13=N13,$D13=O13)),$W$51,IF(OR($C13=N13,$D13=O13),$W$52))))) -> FALSE | Q13: - | R13: - | S13: - | T13: =IF(ISBLANK($B13),$W$53,IF(AND($B13=Q13,$C13=R13,$D13=S13),$W$50,IF(AND($B13=Q13,OR($C13=R13,$D13=S13)),$W$51+$W$52,IF(OR($B13=Q13,AND($C13=R13,$D13=S13)),$W$51,IF(OR($C13=R13,$D13=S13),$W$52))))) -> FALSE
A14: 46041 | B14: Nudel mit Ragu | C14: Champignonschnitzel | D14: Reis | E14: Arrabbiata | F14: Champignonschnitzel | G14: Kartoffelgratin | H14: =IF(ISBLANK($B14),$W$53,IF(AND($B14=E14,$C14=F14,$D14=G14),$W$50,IF(AND($B14=E14,OR($C14=F14,$D14=G14)),$W$51+$W$52,IF(OR($B14=E14,AND($C14=F14,$D14=G14)),$W$51,IF(OR($C14=F14,$D14=G14),$W$52))))) -> 0.5 | I14: Amatriciana | J14: Champignonschnitzel | K14: Reis | L14: =IF(ISBLANK($B14),$W$53,IF(AND($B14=I14,$C14=J14,$D14=K14),$W$50,IF(AND($B14=I14,OR($C14=J14,$D14=K14)),$W$51+$W$52,IF(OR($B14=I14,AND($C14=J14,$D14=K14)),$W$51,IF(OR($C14=J14,$D14=K14),$W$52))))) -> 1 | M14: Amatriciana | N14: Champignonschnitzel | O14: Reis | P14: =IF(ISBLANK($B14),$W$53,IF(AND($B14=M14,$C14=N14,$D14=O14),$W$50,IF(AND($B14=M14,OR($C14=N14,$D14=O14)),$W$51+$W$52,IF(OR($B14=M14,AND($C14=N14,$D14=O14)),$W$51,IF(OR($C14=N14,$D14=O14),$W$52))))) -> 1 | Q14: - | R14: - | S14: - | T14: =IF(ISBLANK($B14),$W$53,IF(AND($B14=Q14,$C14=R14,$D14=S14),$W$50,IF(AND($B14=Q14,OR($C14=R14,$D14=S14)),$W$51+$W$52,IF(OR($B14=Q14,AND($C14=R14,$D14=S14)),$W$51,IF(OR($C14=R14,$D14=S14),$W$52))))) -> FALSE
A15: 46042 | B15: Käseknödel | C15: Hühnerhaxlen | D15: Pommes | E15: Spinatspatzlen | F15: Hühnerhaxlen | G15: Pommes | H15: =IF(ISBLANK($B15),$W$53,IF(AND($B15=E15,$C15=F15,$D15=G15),$W$50,IF(AND($B15=E15,OR($C15=F15,$D15=G15)),$W$51+$W$52,IF(OR($B15=E15,AND($C15=F15,$D15=G15)),$W$51,IF(OR($C15=F15,$D15=G15),$W$52))))) -> 1 | I15: Tortellini mit Schinken-Rahm | J15: Hühnerhaxlen | K15: Pommes | L15: =IF(ISBLANK($B15),$W$53,IF(AND($B15=I15,$C15=J15,$D15=K15),$W$50,IF(AND($B15=I15,OR($C15=J15,$D15=K15)),$W$51+$W$52,IF(OR($B15=I15,AND($C15=J15,$D15=K15)),$W$51,IF(OR($C15=J15,$D15=K15),$W$52))))) -> 1 | M15: Spinatspatzlen | N15: Hühnerbrust | O15: Kroketten | P15: =IF(ISBLANK($B15),$W$53,IF(AND($B15=M15,$C15=N15,$D15=O15),$W$50,IF(AND($B15=M15,OR($C15=N15,$D15=O15)),$W$51+$W$52,IF(OR($B15=M15,AND($C15=N15,$D15=O15)),$W$51,IF(OR($C15=N15,$D15=O15),$W$52))))) -> FALSE | Q15: Käseknödel | R15: - | S15: - | T15: =IF(ISBLANK($B15),$W$53,IF(AND($B15=Q15,$C15=R15,$D15=S15),$W$50,IF(AND($B15=Q15,OR($C15=R15,$D15=S15)),$W$51+$W$52,IF(OR($B15=Q15,AND($C15=R15,$D15=S15)),$W$51,IF(OR($C15=R15,$D15=S15),$W$52))))) -> 1
A16: 46043 | B16: Pizzastrudel | C16: Zwiebelrostbraten | D16: Püree | E16: Lasagne | F16: Schweinsfilet | G16: Kartoffelgratin | H16: =IF(ISBLANK($B16),$W$53,IF(AND($B16=E16,$C16=F16,$D16=G16),$W$50,IF(AND($B16=E16,OR($C16=F16,$D16=G16)),$W$51+$W$52,IF(OR($B16=E16,AND($C16=F16,$D16=G16)),$W$51,IF(OR($C16=F16,$D16=G16),$W$52))))) -> FALSE | I16: Nudel Mammarosa | J16: Truthahnschnitzel | K16: Ofenkartoffeln | L16: =IF(ISBLANK($B16),$W$53,IF(AND($B16=I16,$C16=J16,$D16=K16),$W$50,IF(AND($B16=I16,OR($C16=J16,$D16=K16)),$W$51+$W$52,IF(OR($B16=I16,AND($C16=J16,$D16=K16)),$W$51,IF(OR($C16=J16,$D16=K16),$W$52))))) -> FALSE | M16: Lasagne | N16: Truthahngeschnetzeltes | O16: Püree | P16: =IF(ISBLANK($B16),$W$53,IF(AND($B16=M16,$C16=N16,$D16=O16),$W$50,IF(AND($B16=M16,OR($C16=N16,$D16=O16)),$W$51+$W$52,IF(OR($B16=M16,AND($C16=N16,$D16=O16)),$W$51,IF(OR($C16=N16,$D16=O16),$W$52))))) -> 0.5 | Q16: - | R16: - | S16: - | T16: =IF(ISBLANK($B16),$W$53,IF(AND($B16=Q16,$C16=R16,$D16=S16),$W$50,IF(AND($B16=Q16,OR($C16=R16,$D16=S16)),$W$51+$W$52,IF(OR($B16=Q16,AND($C16=R16,$D16=S16)),$W$51,IF(OR($C16=R16,$D16=S16),$W$52))))) -> FALSE
A17: 46044 | B17: Amatriciana | C17: Leberkas | D17: Röstkartoffeln | E17: Nudel Mammarosa | F17: Leberkas | G17: Röstkartoffeln | H17: =IF(ISBLANK($B17),$W$53,IF(AND($B17=E17,$C17=F17,$D17=G17),$W$50,IF(AND($B17=E17,OR($C17=F17,$D17=G17)),$W$51+$W$52,IF(OR($B17=E17,AND($C17=F17,$D17=G17)),$W$51,IF(OR($C17=F17,$D17=G17),$W$52))))) -> 1 | I17: Amatriciana | J17: Truthahngeschnetzeltes | K17: Reis | L17: =IF(ISBLANK($B17),$W$53,IF(AND($B17=I17,$C17=J17,$D17=K17),$W$50,IF(AND($B17=I17,OR($C17=J17,$D17=K17)),$W$51+$W$52,IF(OR($B17=I17,AND($C17=J17,$D17=K17)),$W$51,IF(OR($C17=J17,$D17=K17),$W$52))))) -> 1 | M17: Arrabbiata | N17: Schweinskotelett | O17: Ofenkartoffeln | P17: =IF(ISBLANK($B17),$W$53,IF(AND($B17=M17,$C17=N17,$D17=O17),$W$50,IF(AND($B17=M17,OR($C17=N17,$D17=O17)),$W$51+$W$52,IF(OR($B17=M17,AND($C17=N17,$D17=O17)),$W$51,IF(OR($C17=N17,$D17=O17),$W$52))))) -> FALSE | Q17: Ravioli mit Parmesan + Butter | R17: Truthahnschnitzel | S17: Reis | T17: =IF(ISBLANK($B17),$W$53,IF(AND($B17=Q17,$C17=R17,$D17=S17),$W$50,IF(AND($B17=Q17,OR($C17=R17,$D17=S17)),$W$51+$W$52,IF(OR($B17=Q17,AND($C17=R17,$D17=S17)),$W$51,IF(OR($C17=R17,$D17=S17),$W$52))))) -> FALSE
A18: 46045 | B18: Spinatspatzlen | C18: Chilli con Carne | D18: Reis | E18: Ravioli mit Parmesan-Butter | F18: Pizzalioloschnitzel | G18: Ofenkartoffeln | H18: =IF(ISBLANK($B18),$W$53,IF(AND($B18=E18,$C18=F18,$D18=G18),$W$50,IF(AND($B18=E18,OR($C18=F18,$D18=G18)),$W$51+$W$52,IF(OR($B18=E18,AND($C18=F18,$D18=G18)),$W$51,IF(OR($C18=F18,$D18=G18),$W$52))))) -> FALSE | I18: Hirten | J18: Wienerschnitzel | K18: Pommes | L18: =IF(ISBLANK($B18),$W$53,IF(AND($B18=I18,$C18=J18,$D18=K18),$W$50,IF(AND($B18=I18,OR($C18=J18,$D18=K18)),$W$51+$W$52,IF(OR($B18=I18,AND($C18=J18,$D18=K18)),$W$51,IF(OR($C18=J18,$D18=K18),$W$52))))) -> FALSE | M18: Aglio Olio | N18: Hühnerbrust | O18: Spatzlen | P18: =IF(ISBLANK($B18),$W$53,IF(AND($B18=M18,$C18=N18,$D18=O18),$W$50,IF(AND($B18=M18,OR($C18=N18,$D18=O18)),$W$51+$W$52,IF(OR($B18=M18,AND($C18=N18,$D18=O18)),$W$51,IF(OR($C18=N18,$D18=O18),$W$52))))) -> FALSE | Q18: Tortellini mit Schinken-Rahm | R18: Schweinsfilet | S18: Kroketten | T18: =IF(ISBLANK($B18),$W$53,IF(AND($B18=Q18,$C18=R18,$D18=S18),$W$50,IF(AND($B18=Q18,OR($C18=R18,$D18=S18)),$W$51+$W$52,IF(OR($B18=Q18,AND($C18=R18,$D18=S18)),$W$51,IF(OR($C18=R18,$D18=S18),$W$52))))) -> FALSE
A19: 46048 | B19: Arrabbiata | C19: Schweinsfilet mit Pfeffersoße | D19: Reis | E19: Nudel mit Käsesoße | F19: Schweinsschopfbraten | G19: Kroketten | H19: =IF(ISBLANK($B19),$W$53,IF(AND($B19=E19,$C19=F19,$D19=G19),$W$50,IF(AND($B19=E19,OR($C19=F19,$D19=G19)),$W$51+$W$52,IF(OR($B19=E19,AND($C19=F19,$D19=G19)),$W$51,IF(OR($C19=F19,$D19=G19),$W$52))))) -> FALSE | I19: - | J19: - | K19: - | L19: =IF(ISBLANK($B19),$W$53,IF(AND($B19=I19,$C19=J19,$D19=K19),$W$50,IF(AND($B19=I19,OR($C19=J19,$D19=K19)),$W$51+$W$52,IF(OR($B19=I19,AND($C19=J19,$D19=K19)),$W$51,IF(OR($C19=J19,$D19=K19),$W$52))))) -> FALSE | M19: Arrabbiata | N19: Schweinsschnitzel mit Kräuterrahmsoße | O19: Reis | P19: =IF(ISBLANK($B19),$W$53,IF(AND($B19=M19,$C19=N19,$D19=O19),$W$50,IF(AND($B19=M19,OR($C19=N19,$D19=O19)),$W$51+$W$52,IF(OR($B19=M19,AND($C19=N19,$D19=O19)),$W$51,IF(OR($C19=N19,$D19=O19),$W$52))))) -> 1.5 | Q19: Nudel mit Tomatensoße | R19: Hauswurst | S19: Plent | T19: =IF(ISBLANK($B19),$W$53,IF(AND($B19=Q19,$C19=R19,$D19=S19),$W$50,IF(AND($B19=Q19,OR($C19=R19,$D19=S19)),$W$51+$W$52,IF(OR($B19=Q19,AND($C19=R19,$D19=S19)),$W$51,IF(OR($C19=R19,$D19=S19),$W$52))))) -> FALSE
A20: 46049 | B20: Carbonara | C20: Hühnerbrust | D20: Ofenkartoffeln | E20: Tortellini mit Schinken-Rahm | F20: Truthahnschnitzel | G20: Pommes | H20: =IF(ISBLANK($B20),$W$53,IF(AND($B20=E20,$C20=F20,$D20=G20),$W$50,IF(AND($B20=E20,OR($C20=F20,$D20=G20)),$W$51+$W$52,IF(OR($B20=E20,AND($C20=F20,$D20=G20)),$W$51,IF(OR($C20=F20,$D20=G20),$W$52))))) -> FALSE | I20: Tortellini mit Schinken-Rahm | J20: Truthahngeschnetzeltes | K20: Püree | L20: =IF(ISBLANK($B20),$W$53,IF(AND($B20=I20,$C20=J20,$D20=K20),$W$50,IF(AND($B20=I20,OR($C20=J20,$D20=K20)),$W$51+$W$52,IF(OR($B20=I20,AND($C20=J20,$D20=K20)),$W$51,IF(OR($C20=J20,$D20=K20),$W$52))))) -> FALSE | M20: Nudel mit Käsesoße | N20: Truthahngeschnetzeltes | O20: Püree | P20: =IF(ISBLANK($B20),$W$53,IF(AND($B20=M20,$C20=N20,$D20=O20),$W$50,IF(AND($B20=M20,OR($C20=N20,$D20=O20)),$W$51+$W$52,IF(OR($B20=M20,AND($C20=N20,$D20=O20)),$W$51,IF(OR($C20=N20,$D20=O20),$W$52))))) -> FALSE | Q20: Aglio Olio | R20: Truthahnschnitzel | S20: Kartoffelstampf | T20: =IF(ISBLANK($B20),$W$53,IF(AND($B20=Q20,$C20=R20,$D20=S20),$W$50,IF(AND($B20=Q20,OR($C20=R20,$D20=S20)),$W$51+$W$52,IF(OR($B20=Q20,AND($C20=R20,$D20=S20)),$W$51,IF(OR($C20=R20,$D20=S20),$W$52))))) -> FALSE
... A48: 46087 | B48: Aglio Olio | C48: Forellenfilet | D48: Salzkartoffeln | E48: Nudel mit Meeresfrüchte | F48: Lachsfilet | G48: Salzkartoffeln | H48: =IF(ISBLANK($B48),$W$53,IF(AND($B48=E48,$C48=F48,$D48=G48),$W$50,IF(AND($B48=E48,OR($C48=F48,$D48=G48)),$W$51+$W$52,IF(OR($B48=E48,AND($C48=F48,$D48=G48)),$W$51,IF(OR($C48=F48,$D48=G48),$W$52))))) -> 0.5 | I48: Nudel mit Ragu | J48: Wienerschnitzel | K48: Kartoffelsalat | L48: =IF(ISBLANK($B48),$W$53,IF(AND($B48=I48,$C48=J48,$D48=K48),$W$50,IF(AND($B48=I48,OR($C48=J48,$D48=K48)),$W$51+$W$52,IF(OR($B48=I48,AND($C48=J48,$D48=K48)),$W$51,IF(OR($C48=J48,$D48=K48),$W$52))))) -> FALSE | M48: Tortellini mit Schinken-Rahm | N48: Paniertes Schollenfilet | O48: Salzkartoffeln | P48: =IF(ISBLANK($B48),$W$53,IF(AND($B48=M48,$C48=N48,$D48=O48),$W$50,IF(AND($B48=M48,OR($C48=N48,$D48=O48)),$W$51+$W$52,IF(OR($B48=M48,AND($C48=N48,$D48=O48)),$W$51,IF(OR($C48=N48,$D48=O48),$W$52))))) -> 0.5 | Q48: Tortellini mit Schinken-Rahm | R48: Leberkas | S48: Salzkartoffeln | T48: =IF(ISBLANK($B48),$W$53,IF(AND($B48=Q48,$C48=R48,$D48=S48),$W$50,IF(AND($B48=Q48,OR($C48=R48,$D48=S48)),$W$51+$W$52,IF(OR($B48=Q48,AND($C48=R48,$D48=S48)),$W$51,IF(OR($C48=R48,$D48=S48),$W$52))))) -> 0.5
A49: 46090 | B49: Griesscheiben mit Schinken/Käse und Tomantensoße | C49: Truthahnbraten | D49: Reis | E49: Nudel mit Käsesoße | F49: Schweinsfilet | G49: Reis | H49: =IF(ISBLANK($B49),$W$53,IF(AND($B49=E49,$C49=F49,$D49=G49),$W$50,IF(AND($B49=E49,OR($C49=F49,$D49=G49)),$W$51+$W$52,IF(OR($B49=E49,AND($C49=F49,$D49=G49)),$W$51,IF(OR($C49=F49,$D49=G49),$W$52))))) -> 0.5 | I49: Amatriciana | J49: Champignonschnitzel | K49: Reis | L49: =IF(ISBLANK($B49),$W$53,IF(AND($B49=I49,$C49=J49,$D49=K49),$W$50,IF(AND($B49=I49,OR($C49=J49,$D49=K49)),$W$51+$W$52,IF(OR($B49=I49,AND($C49=J49,$D49=K49)),$W$51,IF(OR($C49=J49,$D49=K49),$W$52))))) -> 0.5 | M49: Amatriciana | N49: Champignonschnitzel | O49: Reis | P49: =IF(ISBLANK($B49),$W$53,IF(AND($B49=M49,$C49=N49,$D49=O49),$W$50,IF(AND($B49=M49,OR($C49=N49,$D49=O49)),$W$51+$W$52,IF(OR($B49=M49,AND($C49=N49,$D49=O49)),$W$51,IF(OR($C49=N49,$D49=O49),$W$52))))) -> 0.5 | Q49: =E49 -> Nudel mit Käsesoße | R49: =F49 -> Schweinsfilet | S49: =G49 -> Reis | T49: =IF(ISBLANK($B49),$W$53,IF(AND($B49=Q49,$C49=R49,$D49=S49),$W$50,IF(AND($B49=Q49,OR($C49=R49,$D49=S49)),$W$51+$W$52,IF(OR($B49=Q49,AND($C49=R49,$D49=S49)),$W$51,IF(OR($C49=R49,$D49=S49),$W$52))))) -> 0.5
A50: 46091 | B50: Hirten | C50: Hühnerhaxlen | D50: Pommes | E50: Tortellini mit Schinken-Rahm | F50: Hühnerhaxlen | G50: Pommes | H50: =IF(ISBLANK($B50),$W$53,IF(AND($B50=E50,$C50=F50,$D50=G50),$W$50,IF(AND($B50=E50,OR($C50=F50,$D50=G50)),$W$51+$W$52,IF(OR($B50=E50,AND($C50=F50,$D50=G50)),$W$51,IF(OR($C50=F50,$D50=G50),$W$52))))) -> 1 | I50: Putanesca | J50: Wienerschnitzel | K50: Pommes | L50: =IF(ISBLANK($B50),$W$53,IF(AND($B50=I50,$C50=J50,$D50=K50),$W$50,IF(AND($B50=I50,OR($C50=J50,$D50=K50)),$W$51+$W$52,IF(OR($B50=I50,AND($C50=J50,$D50=K50)),$W$51,IF(OR($C50=J50,$D50=K50),$W$52))))) -> 0.5 | M50: Carbonara | N50: Truthahngeschnetzeltes | O50: Püree | P50: =IF(ISBLANK($B50),$W$53,IF(AND($B50=M50,$C50=N50,$D50=O50),$W$50,IF(AND($B50=M50,OR($C50=N50,$D50=O50)),$W$51+$W$52,IF(OR($B50=M50,AND($C50=N50,$D50=O50)),$W$51,IF(OR($C50=N50,$D50=O50),$W$52))))) -> FALSE | Q50: Pizzastrudel | R50: Hühnerbrust | S50: Kroketten | T50: =IF(ISBLANK($B50),$W$53,IF(AND($B50=Q50,$C50=R50,$D50=S50),$W$50,IF(AND($B50=Q50,OR($C50=R50,$D50=S50)),$W$51+$W$52,IF(OR($B50=Q50,AND($C50=R50,$D50=S50)),$W$51,IF(OR($C50=R50,$D50=S50),$W$52))))) -> FALSE | V50: Menü richtig | W50: 3
A51: 46092 | B51: Schlutzer | C51: Wienerschnitzel | D51: Kartoffelsalat | E51: Ravioli mit Parmesan-Butter | F51: Schweinsfilet | G51: Kroketten | H51: =IF(ISBLANK($B51),$W$53,IF(AND($B51=E51,$C51=F51,$D51=G51),$W$50,IF(AND($B51=E51,OR($C51=F51,$D51=G51)),$W$51+$W$52,IF(OR($B51=E51,AND($C51=F51,$D51=G51)),$W$51,IF(OR($C51=F51,$D51=G51),$W$52))))) -> FALSE | I51: Käseknödel | J51: Leberkas | K51: Röstkartoffeln | L51: =IF(ISBLANK($B51),$W$53,IF(AND($B51=I51,$C51=J51,$D51=K51),$W$50,IF(AND($B51=I51,OR($C51=J51,$D51=K51)),$W$51+$W$52,IF(OR($B51=I51,AND($C51=J51,$D51=K51)),$W$51,IF(OR($C51=J51,$D51=K51),$W$52))))) -> FALSE | M51: Nudel mit Käsesoße | N51: Champignonschnitzel | O51: Kartoffelgratin | P51: =IF(ISBLANK($B51),$W$53,IF(AND($B51=M51,$C51=N51,$D51=O51),$W$50,IF(AND($B51=M51,OR($C51=N51,$D51=O51)),$W$51+$W$52,IF(OR($B51=M51,AND($C51=N51,$D51=O51)),$W$51,IF(OR($C51=N51,$D51=O51),$W$52))))) -> FALSE | Q51: =M51 -> Nudel mit Käsesoße | R51: =N51 -> Champignonschnitzel | S51: =O51 -> Kartoffelgratin | T51: =IF(ISBLANK($B51),$W$53,IF(AND($B51=Q51,$C51=R51,$D51=S51),$W$50,IF(AND($B51=Q51,OR($C51=R51,$D51=S51)),$W$51+$W$52,IF(OR($B51=Q51,AND($C51=R51,$D51=S51)),$W$51,IF(OR($C51=R51,$D51=S51),$W$52))))) -> FALSE | V51: Hauptspeise mit Beilage / Vorspeise richtig | W51: 1
A52: 46093 | B52: Pizzastrudel | C52: Schweinskotelett | D52: Spatzlen | E52: Spinatspatzlen | F52: Schweinsgulasch | G52: Püree | H52: =IF(ISBLANK($B52),$W$53,IF(AND($B52=E52,$C52=F52,$D52=G52),$W$50,IF(AND($B52=E52,OR($C52=F52,$D52=G52)),$W$51+$W$52,IF(OR($B52=E52,AND($C52=F52,$D52=G52)),$W$51,IF(OR($C52=F52,$D52=G52),$W$52))))) -> FALSE | I52: Tortellini mit Schinken-Rahm | J52: Champignonschnitzel | K52: Reis | L52: =IF(ISBLANK($B52),$W$53,IF(AND($B52=I52,$C52=J52,$D52=K52),$W$50,IF(AND($B52=I52,OR($C52=J52,$D52=K52)),$W$51+$W$52,IF(OR($B52=I52,AND($C52=J52,$D52=K52)),$W$51,IF(OR($C52=J52,$D52=K52),$W$52))))) -> FALSE | M52: Arrabbiata | N52: Truthahngeschnetzeltes | O52: Püree | P52: =IF(ISBLANK($B52),$W$53,IF(AND($B52=M52,$C52=N52,$D52=O52),$W$50,IF(AND($B52=M52,OR($C52=N52,$D52=O52)),$W$51+$W$52,IF(OR($B52=M52,AND($C52=N52,$D52=O52)),$W$51,IF(OR($C52=N52,$D52=O52),$W$52))))) -> FALSE | Q52: =M52 -> Arrabbiata | R52: =N52 -> Truthahngeschnetzeltes | S52: =O52 -> Püree | T52: =IF(ISBLANK($B52),$W$53,IF(AND($B52=Q52,$C52=R52,$D52=S52),$W$50,IF(AND($B52=Q52,OR($C52=R52,$D52=S52)),$W$51+$W$52,IF(OR($B52=Q52,AND($C52=R52,$D52=S52)),$W$51,IF(OR($C52=R52,$D52=S52),$W$52))))) -> FALSE | V52: nur Hauptspeise / Beilage richtig | W52: 0.5
A53: 46094 | B53: Nudel mit Lachs | C53: Pangasiusfilet mit Kräuterrahmsoße | D53: Püree | E53: Nudel mit Käsesoße | F53: Rotbarschfilet | G53: Kroketten | H53: =IF(ISBLANK($B53),$W$53,IF(AND($B53=E53,$C53=F53,$D53=G53),$W$50,IF(AND($B53=E53,OR($C53=F53,$D53=G53)),$W$51+$W$52,IF(OR($B53=E53,AND($C53=F53,$D53=G53)),$W$51,IF(OR($C53=F53,$D53=G53),$W$52))))) -> FALSE | I53: Nudel mit Thunfischsoße | J53: Spiegelei | K53: Röstkartoffeln | L53: =IF(ISBLANK($B53),$W$53,IF(AND($B53=I53,$C53=J53,$D53=K53),$W$50,IF(AND($B53=I53,OR($C53=J53,$D53=K53)),$W$51+$W$52,IF(OR($B53=I53,AND($C53=J53,$D53=K53)),$W$51,IF(OR($C53=J53,$D53=K53),$W$52))))) -> FALSE | M53: Aglio Olio | N53: Scombri | O53: Plent | P53: =IF(ISBLANK($B53),$W$53,IF(AND($B53=M53,$C53=N53,$D53=O53),$W$50,IF(AND($B53=M53,OR($C53=N53,$D53=O53)),$W$51+$W$52,IF(OR($B53=M53,AND($C53=N53,$D53=O53)),$W$51,IF(OR($C53=N53,$D53=O53),$W$52))))) -> FALSE | Q53: =M53 -> Aglio Olio | R53: =N53 -> Scombri | S53: =O53 -> Plent | T53: =IF(ISBLANK($B53),$W$53,IF(AND($B53=Q53,$C53=R53,$D53=S53),$W$50,IF(AND($B53=Q53,OR($C53=R53,$D53=S53)),$W$51+$W$52,IF(OR($B53=Q53,AND($C53=R53,$D53=S53)),$W$51,IF(OR($C53=R53,$D53=S53),$W$52))))) -> FALSE | V53: Alles falsch | W53: 0
A54: 46097 | B54: Amatriciana | C54: Champignonschnitzel | D54: Reis | E54: Arrabbiata | F54: Truthahngeschnetzeltes | G54: Püree | H54: =IF(ISBLANK($B54),$W$53,IF(AND($B54=E54,$C54=F54,$D54=G54),$W$50,IF(AND($B54=E54,OR($C54=F54,$D54=G54)),$W$51+$W$52,IF(OR($B54=E54,AND($C54=F54,$D54=G54)),$W$51,IF(OR($C54=F54,$D54=G54),$W$52))))) -> FALSE | I54: Amatriciana | J54: Champignonschnitzel | K54: Reis | L54: =IF(ISBLANK($B54),$W$53,IF(AND($B54=I54,$C54=J54,$D54=K54),$W$50,IF(AND($B54=I54,OR($C54=J54,$D54=K54)),$W$51+$W$52,IF(OR($B54=I54,AND($C54=J54,$D54=K54)),$W$51,IF(OR($C54=J54,$D54=K54),$W$52))))) -> 3 | M54: Amatriciana | N54: Champignonschnitzel | O54: Reis | P54: =IF(ISBLANK($B54),$W$53,IF(AND($B54=M54,$C54=N54,$D54=O54),$W$50,IF(AND($B54=M54,OR($C54=N54,$D54=O54)),$W$51+$W$52,IF(OR($B54=M54,AND($C54=N54,$D54=O54)),$W$51,IF(OR($C54=N54,$D54=O54),$W$52))))) -> 3 | Q54: =M54 -> Amatriciana | R54: =N54 -> Champignonschnitzel | S54: =O54 -> Reis | T54: =IF(ISBLANK($B54),$W$53,IF(AND($B54=Q54,$C54=R54,$D54=S54),$W$50,IF(AND($B54=Q54,OR($C54=R54,$D54=S54)),$W$51+$W$52,IF(OR($B54=Q54,AND($C54=R54,$D54=S54)),$W$51,IF(OR($C54=R54,$D54=S54),$W$52))))) -> 3
A55: 46098 | B55: Tortellini mit Schinken-Rahm | C55: Currywurst | D55: Pommes | E55: Tortellini mit Schinken-Rahm | F55: Schweinsfilet | G55: Kroketten | H55: =IF(ISBLANK($B55),$W$53,IF(AND($B55=E55,$C55=F55,$D55=G55),$W$50,IF(AND($B55=E55,OR($C55=F55,$D55=G55)),$W$51+$W$52,IF(OR($B55=E55,AND($C55=F55,$D55=G55)),$W$51,IF(OR($C55=F55,$D55=G55),$W$52))))) -> 1 | I55: Tortellini mit Schinken-Rahm | J55: Knödel | K55: Gulasch | L55: =IF(ISBLANK($B55),$W$53,IF(AND($B55=I55,$C55=J55,$D55=K55),$W$50,IF(AND($B55=I55,OR($C55=J55,$D55=K55)),$W$51+$W$52,IF(OR($B55=I55,AND($C55=J55,$D55=K55)),$W$51,IF(OR($C55=J55,$D55=K55),$W$52))))) -> 1 | M55: Spinatspatzlen | N55: Truthahngeschnetzeltes | O55: Püree | P55: =IF(ISBLANK($B55),$W$53,IF(AND($B55=M55,$C55=N55,$D55=O55),$W$50,IF(AND($B55=M55,OR($C55=N55,$D55=O55)),$W$51+$W$52,IF(OR($B55=M55,AND($C55=N55,$D55=O55)),$W$51,IF(OR($C55=N55,$D55=O55),$W$52))))) -> FALSE | Q55: =I55 -> Tortellini mit Schinken-Rahm | R55: =J55 -> Knödel | S55: =K55 -> Gulasch | T55: =IF(ISBLANK($B55),$W$53,IF(AND($B55=Q55,$C55=R55,$D55=S55),$W$50,IF(AND($B55=Q55,OR($C55=R55,$D55=S55)),$W$51+$W$52,IF(OR($B55=Q55,AND($C55=R55,$D55=S55)),$W$51,IF(OR($C55=R55,$D55=S55),$W$52))))) -> 1
A56: 46099 | B56: Nudel mit Pesto | C56: 1/2 Brathuhn | D56: Kartoffelwedges | E56: Hirten | F56: Truthahngeschnetzeltes | G56: Kartoffelgratin | H56: =IF(ISBLANK($B56),$W$53,IF(AND($B56=E56,$C56=F56,$D56=G56),$W$50,IF(AND($B56=E56,OR($C56=F56,$D56=G56)),$W$51+$W$52,IF(OR($B56=E56,AND($C56=F56,$D56=G56)),$W$51,IF(OR($C56=F56,$D56=G56),$W$52))))) -> FALSE | I56: Gnocchi mit Tomatensoße | J56: Ossobuchi | K56: Spatzlen | L56: =IF(ISBLANK($B56),$W$53,IF(AND($B56=I56,$C56=J56,$D56=K56),$W$50,IF(AND($B56=I56,OR($C56=J56,$D56=K56)),$W$51+$W$52,IF(OR($B56=I56,AND($C56=J56,$D56=K56)),$W$51,IF(OR($C56=J56,$D56=K56),$W$52))))) -> FALSE | M56: - | N56: - | O56: - | P56: =IF(ISBLANK($B56),$W$53,IF(AND($B56=M56,$C56=N56,$D56=O56),$W$50,IF(AND($B56=M56,OR($C56=N56,$D56=O56)),$W$51+$W$52,IF(OR($B56=M56,AND($C56=N56,$D56=O56)),$W$51,IF(OR($C56=N56,$D56=O56),$W$52))))) -> FALSE | Q56: =I56 -> Gnocchi mit Tomatensoße | R56: =J56 -> Ossobuchi | S56: =K56 -> Spatzlen | T56: =IF(ISBLANK($B56),$W$53,IF(AND($B56=Q56,$C56=R56,$D56=S56),$W$50,IF(AND($B56=Q56,OR($C56=R56,$D56=S56)),$W$51+$W$52,IF(OR($B56=Q56,AND($C56=R56,$D56=S56)),$W$51,IF(OR($C56=R56,$D56=S56),$W$52))))) -> FALSE
A57: 46100 | B57: Nudel mit Ragu | C57: Truthahnbraten | D57: Kartoffelgratin | E57: Lasagne | F57: Schweinsgulasch | G57: Püree | H57: =IF(ISBLANK($B57),$W$53,IF(AND($B57=E57,$C57=F57,$D57=G57),$W$50,IF(AND($B57=E57,OR($C57=F57,$D57=G57)),$W$51+$W$52,IF(OR($B57=E57,AND($C57=F57,$D57=G57)),$W$51,IF(OR($C57=F57,$D57=G57),$W$52))))) -> FALSE | I57: Spinatspatzlen | J57: Truthahngeschnetzeltes | K57: Püree | L57: =IF(ISBLANK($B57),$W$53,IF(AND($B57=I57,$C57=J57,$D57=K57),$W$50,IF(AND($B57=I57,OR($C57=J57,$D57=K57)),$W$51+$W$52,IF(OR($B57=I57,AND($C57=J57,$D57=K57)),$W$51,IF(OR($C57=J57,$D57=K57),$W$52))))) -> FALSE | M57: Lasagne | N57: Truthahngeschnetzeltes | O57: Püree | P57: =IF(ISBLANK($B57),$W$53,IF(AND($B57=M57,$C57=N57,$D57=O57),$W$50,IF(AND($B57=M57,OR($C57=N57,$D57=O57)),$W$51+$W$52,IF(OR($B57=M57,AND($C57=N57,$D57=O57)),$W$51,IF(OR($C57=N57,$D57=O57),$W$52))))) -> FALSE | Q57: - | R57: - | S57: - | T57: =IF(ISBLANK($B57),$W$53,IF(AND($B57=Q57,$C57=R57,$D57=S57),$W$50,IF(AND($B57=Q57,OR($C57=R57,$D57=S57)),$W$51+$W$52,IF(OR($B57=Q57,AND($C57=R57,$D57=S57)),$W$51,IF(OR($C57=R57,$D57=S57),$W$52))))) -> FALSE
A58: 46101 | B58: NV | C58: NV | D58: NV | E58: Nudel mit Meeresfrüchte | F58: Spiegelei | G58: Röstkartoffeln | H58: =IF(ISBLANK($B58),$W$53,IF(AND($B58=E58,$C58=F58,$D58=G58),$W$50,IF(AND($B58=E58,OR($C58=F58,$D58=G58)),$W$51+$W$52,IF(OR($B58=E58,AND($C58=F58,$D58=G58)),$W$51,IF(OR($C58=F58,$D58=G58),$W$52))))) -> FALSE | I58: Nudel mit Ragu | J58: Wienerschnitzel | K58: Pommes | L58: =IF(ISBLANK($B58),$W$53,IF(AND($B58=I58,$C58=J58,$D58=K58),$W$50,IF(AND($B58=I58,OR($C58=J58,$D58=K58)),$W$51+$W$52,IF(OR($B58=I58,AND($C58=J58,$D58=K58)),$W$51,IF(OR($C58=J58,$D58=K58),$W$52))))) -> FALSE | M58: Spinatspatzlen | N58: Scombri | O58: Plent | P58: =IF(ISBLANK($B58),$W$53,IF(AND($B58=M58,$C58=N58,$D58=O58),$W$50,IF(AND($B58=M58,OR($C58=N58,$D58=O58)),$W$51+$W$52,IF(OR($B58=M58,AND($C58=N58,$D58=O58)),$W$51,IF(OR($C58=N58,$D58=O58),$W$52))))) -> FALSE | Q58: - | R58: - | S58: - | T58: =IF(ISBLANK($B58),$W$53,IF(AND($B58=Q58,$C58=R58,$D58=S58),$W$50,IF(AND($B58=Q58,OR($C58=R58,$D58=S58)),$W$51+$W$52,IF(OR($B58=Q58,AND($C58=R58,$D58=S58)),$W$51,IF(OR($C58=R58,$D58=S58),$W$52))))) -> FALSE
A59: 46104 | B59: Nudel mit Käsesoße | C59: Schweinsschnitzel | D59: Reis | E59: Arrabbiata | F59: Gulasch | G59: Reis | H59: =IF(ISBLANK($B59),$W$53,IF(AND($B59=E59,$C59=F59,$D59=G59),$W$50,IF(AND($B59=E59,OR($C59=F59,$D59=G59)),$W$51+$W$52,IF(OR($B59=E59,AND($C59=F59,$D59=G59)),$W$51,IF(OR($C59=F59,$D59=G59),$W$52))))) -> 0.5 | I59: Nudel mit Käsesoße | J59: Zigeunerschnitzel | K59: Reis | L59: =IF(ISBLANK($B59),$W$53,IF(AND($B59=I59,$C59=J59,$D59=K59),$W$50,IF(AND($B59=I59,OR($C59=J59,$D59=K59)),$W$51+$W$52,IF(OR($B59=I59,AND($C59=J59,$D59=K59)),$W$51,IF(OR($C59=J59,$D59=K59),$W$52))))) -> 1.5 | M59: Nudel mit Ragu | N59: Truthahngeschnetzeltes | O59: Reis | P59: =IF(ISBLANK($B59),$W$53,IF(AND($B59=M59,$C59=N59,$D59=O59),$W$50,IF(AND($B59=M59,OR($C59=N59,$D59=O59)),$W$51+$W$52,IF(OR($B59=M59,AND($C59=N59,$D59=O59)),$W$51,IF(OR($C59=N59,$D59=O59),$W$52))))) -> 0.5 | Q59: Nudel mit Käsesoße | R59: Schweinsfilet | S59: Reis | T59: =IF(ISBLANK($B59),$W$53,IF(AND($B59=Q59,$C59=R59,$D59=S59),$W$50,IF(AND($B59=Q59,OR($C59=R59,$D59=S59)),$W$51+$W$52,IF(OR($B59=Q59,AND($C59=R59,$D59=S59)),$W$51,IF(OR($C59=R59,$D59=S59),$W$52))))) -> 1.5
A60: 46105 | B60: Lasagne | C60: Truthahngeschnetzeltes | D60: Püree | E60: - | F60: - | G60: - | H60: =IF(ISBLANK($B60),$W$53,IF(AND($B60=E60,$C60=F60,$D60=G60),$W$50,IF(AND($B60=E60,OR($C60=F60,$D60=G60)),$W$51+$W$52,IF(OR($B60=E60,AND($C60=F60,$D60=G60)),$W$51,IF(OR($C60=F60,$D60=G60),$W$52))))) -> FALSE | I60: Spinatspatzlen | J60: Hühnerbrust | K60: Püree | L60: =IF(ISBLANK($B60),$W$53,IF(AND($B60=I60,$C60=J60,$D60=K60),$W$50,IF(AND($B60=I60,OR($C60=J60,$D60=K60)),$W$51+$W$52,IF(OR($B60=I60,AND($C60=J60,$D60=K60)),$W$51,IF(OR($C60=J60,$D60=K60),$W$52))))) -> 0.5 | M60: Carbonara | N60: Truthahnschnitzel | O60: Kartoffelgratin | P60: =IF(ISBLANK($B60),$W$53,IF(AND($B60=M60,$C60=N60,$D60=O60),$W$50,IF(AND($B60=M60,OR($C60=N60,$D60=O60)),$W$51+$W$52,IF(OR($B60=M60,AND($C60=N60,$D60=O60)),$W$51,IF(OR($C60=N60,$D60=O60),$W$52))))) -> FALSE | Q60: =M60 -> Carbonara | R60: =N60 -> Truthahnschnitzel | S60: =O60 -> Kartoffelgratin | T60: =IF(ISBLANK($B60),$W$53,IF(AND($B60=Q60,$C60=R60,$D60=S60),$W$50,IF(AND($B60=Q60,OR($C60=R60,$D60=S60)),$W$51+$W$52,IF(OR($B60=Q60,AND($C60=R60,$D60=S60)),$W$51,IF(OR($C60=R60,$D60=S60),$W$52))))) -> FALSE
A61: 46106 | B61: Hirten | C61: Hühnerbrust | D61: Kroketten | E61: Spinatspatzlen | F61: Wienerschnitzel | G61: Pommes | H61: =IF(ISBLANK($B61),$W$53,IF(AND($B61=E61,$C61=F61,$D61=G61),$W$50,IF(AND($B61=E61,OR($C61=F61,$D61=G61)),$W$51+$W$52,IF(OR($B61=E61,AND($C61=F61,$D61=G61)),$W$51,IF(OR($C61=F61,$D61=G61),$W$52))))) -> FALSE | I61: Carbonara | J61: Schweinsschopf | K61: Ofenkartoffeln | L61: =IF(ISBLANK($B61),$W$53,IF(AND($B61=I61,$C61=J61,$D61=K61),$W$50,IF(AND($B61=I61,OR($C61=J61,$D61=K61)),$W$51+$W$52,IF(OR($B61=I61,AND($C61=J61,$D61=K61)),$W$51,IF(OR($C61=J61,$D61=K61),$W$52))))) -> FALSE | M61: Schlutzer | N61: Wienerschnitzel | O61: Kartoffelsalat | P61: =IF(ISBLANK($B61),$W$53,IF(AND($B61=M61,$C61=N61,$D61=O61),$W$50,IF(AND($B61=M61,OR($C61=N61,$D61=O61)),$W$51+$W$52,IF(OR($B61=M61,AND($C61=N61,$D61=O61)),$W$51,IF(OR($C61=N61,$D61=O61),$W$52))))) -> FALSE | Q61: Spinatspatzlen | R61: Chilli con carne | S61: Kartoffelsalat | T61: =IF(ISBLANK($B61),$W$53,IF(AND($B61=Q61,$C61=R61,$D61=S61),$W$50,IF(AND($B61=Q61,OR($C61=R61,$D61=S61)),$W$51+$W$52,IF(OR($B61=Q61,AND($C61=R61,$D61=S61)),$W$51,IF(OR($C61=R61,$D61=S61),$W$52))))) -> FALSE
A62: 46107 | B62: Aglio Olio | C62: Cordon Bleu | D62: Kartoffelsalat | E62: Ravioli mit Parmesan-Butter | F62: Cordon Bleu | G62: Kartoffelsalat | H62: =IF(ISBLANK($B62),$W$53,IF(AND($B62=E62,$C62=F62,$D62=G62),$W$50,IF(AND($B62=E62,OR($C62=F62,$D62=G62)),$W$51+$W$52,IF(OR($B62=E62,AND($C62=F62,$D62=G62)),$W$51,IF(OR($C62=F62,$D62=G62),$W$52))))) -> 1 | I62: Spinatspatzlen | J62: Wienerschnitzel | K62: Kartoffelsalat | L62: =IF(ISBLANK($B62),$W$53,IF(AND($B62=I62,$C62=J62,$D62=K62),$W$50,IF(AND($B62=I62,OR($C62=J62,$D62=K62)),$W$51+$W$52,IF(OR($B62=I62,AND($C62=J62,$D62=K62)),$W$51,IF(OR($C62=J62,$D62=K62),$W$52))))) -> 0.5 | M62: Amatriciana | N62: Chilli con carne | O62: Reis | P62: =IF(ISBLANK($B62),$W$53,IF(AND($B62=M62,$C62=N62,$D62=O62),$W$50,IF(AND($B62=M62,OR($C62=N62,$D62=O62)),$W$51+$W$52,IF(OR($B62=M62,AND($C62=N62,$D62=O62)),$W$51,IF(OR($C62=N62,$D62=O62),$W$52))))) -> FALSE | Q62: =E62 -> Ravioli mit Parmesan-Butter | R62: Wienerschnitzel | S62: Pommes | T62: =IF(ISBLANK($B62),$W$53,IF(AND($B62=Q62,$C62=R62,$D62=S62),$W$50,IF(AND($B62=Q62,OR($C62=R62,$D62=S62)),$W$51+$W$52,IF(OR($B62=Q62,AND($C62=R62,$D62=S62)),$W$51,IF(OR($C62=R62,$D62=S62),$W$52))))) -> FALSE
A63: 46108 | B63: Gnocchi mit Tomantensoße | C63: Hauswurst | D63: Plent | E63: Nudel mit Meeresfrüchte | F63: Spiegelei | G63: Röstkartoffeln | H63: =IF(ISBLANK($B63),$W$53,IF(AND($B63=E63,$C63=F63,$D63=G63),$W$50,IF(AND($B63=E63,OR($C63=F63,$D63=G63)),$W$51+$W$52,IF(OR($B63=E63,AND($C63=F63,$D63=G63)),$W$51,IF(OR($C63=F63,$D63=G63),$W$52))))) -> FALSE | I63: Nudel mit Thunfischsoße | J63: Forellenfilet | K63: Salzkartoffeln | L63: =IF(ISBLANK($B63),$W$53,IF(AND($B63=I63,$C63=J63,$D63=K63),$W$50,IF(AND($B63=I63,OR($C63=J63,$D63=K63)),$W$51+$W$52,IF(OR($B63=I63,AND($C63=J63,$D63=K63)),$W$51,IF(OR($C63=J63,$D63=K63),$W$52))))) -> FALSE | M63: Spinatspatzlen | N63: Scombri | O63: Plent | P63: =IF(ISBLANK($B63),$W$53,IF(AND($B63=M63,$C63=N63,$D63=O63),$W$50,IF(AND($B63=M63,OR($C63=N63,$D63=O63)),$W$51+$W$52,IF(OR($B63=M63,AND($C63=N63,$D63=O63)),$W$51,IF(OR($C63=N63,$D63=O63),$W$52))))) -> 0.5 | Q63: Spinatcannelloni | R63: =N63 -> Scombri | S63: =O63 -> Plent | T63: =IF(ISBLANK($B63),$W$53,IF(AND($B63=Q63,$C63=R63,$D63=S63),$W$50,IF(AND($B63=Q63,OR($C63=R63,$D63=S63)),$W$51+$W$52,IF(OR($B63=Q63,AND($C63=R63,$D63=S63)),$W$51,IF(OR($C63=R63,$D63=S63),$W$52))))) -> 0.5
A64: 46111 | B64: Arrabbiata | C64: Schweinsschnitzel mit Kräuterrahmsoße | D64: Spatzlen | E64: Arrabbiata | F64: Champignonschnitzel | G64: Reis | H64: =IF(ISBLANK($B64),$W$53,IF(AND($B64=E64,$C64=F64,$D64=G64),$W$50,IF(AND($B64=E64,OR($C64=F64,$D64=G64)),$W$51+$W$52,IF(OR($B64=E64,AND($C64=F64,$D64=G64)),$W$51,IF(OR($C64=F64,$D64=G64),$W$52))))) -> 1 | I64: Arrabbiata | J64: Zigeunerschnitzel | K64: Reis | L64: =IF(ISBLANK($B64),$W$53,IF(AND($B64=I64,$C64=J64,$D64=K64),$W$50,IF(AND($B64=I64,OR($C64=J64,$D64=K64)),$W$51+$W$52,IF(OR($B64=I64,AND($C64=J64,$D64=K64)),$W$51,IF(OR($C64=J64,$D64=K64),$W$52))))) -> 1 | M64: Amatriciana | N64: Champignonschnitzel | O64: Reis | P64: =IF(ISBLANK($B64),$W$53,IF(AND($B64=M64,$C64=N64,$D64=O64),$W$50,IF(AND($B64=M64,OR($C64=N64,$D64=O64)),$W$51+$W$52,IF(OR($B64=M64,AND($C64=N64,$D64=O64)),$W$51,IF(OR($C64=N64,$D64=O64),$W$52))))) -> FALSE | Q64: Amatriciana | R64: Champignonschnitzel | S64: Reis | T64: =IF(ISBLANK($B64),$W$53,IF(AND($B64=Q64,$C64=R64,$D64=S64),$W$50,IF(AND($B64=Q64,OR($C64=R64,$D64=S64)),$W$51+$W$52,IF(OR($B64=Q64,AND($C64=R64,$D64=S64)),$W$51,IF(OR($C64=R64,$D64=S64),$W$52))))) -> FALSE
A65: 46112 | B65: Schlutzer | C65: Truthahnbraten | D65: Kartoffelgratin | E65: Schlutzer | F65: Hühnerbrust | G65: Pommes | H65: =IF(ISBLANK($B65),$W$53,IF(AND($B65=E65,$C65=F65,$D65=G65),$W$50,IF(AND($B65=E65,OR($C65=F65,$D65=G65)),$W$51+$W$52,IF(OR($B65=E65,AND($C65=F65,$D65=G65)),$W$51,IF(OR($C65=F65,$D65=G65),$W$52))))) -> 1 | I65: Spinatspatzlen | J65: Hühnerbrust | K65: Ofenkartoffeln | L65: =IF(ISBLANK($B65),$W$53,IF(AND($B65=I65,$C65=J65,$D65=K65),$W$50,IF(AND($B65=I65,OR($C65=J65,$D65=K65)),$W$51+$W$52,IF(OR($B65=I65,AND($C65=J65,$D65=K65)),$W$51,IF(OR($C65=J65,$D65=K65),$W$52))))) -> FALSE | M65: Spinatspatzlen | N65: Hühnerbrust | O65: Ofenkartoffeln | P65: =IF(ISBLANK($B65),$W$53,IF(AND($B65=M65,$C65=N65,$D65=O65),$W$50,IF(AND($B65=M65,OR($C65=N65,$D65=O65)),$W$51+$W$52,IF(OR($B65=M65,AND($C65=N65,$D65=O65)),$W$51,IF(OR($C65=N65,$D65=O65),$W$52))))) -> FALSE | Q65: Schlutzer | R65: =F65 -> Hühnerbrust | S65: Kartoffelsalat | T65: =IF(ISBLANK($B65),$W$53,IF(AND($B65=Q65,$C65=R65,$D65=S65),$W$50,IF(AND($B65=Q65,OR($C65=R65,$D65=S65)),$W$51+$W$52,IF(OR($B65=Q65,AND($C65=R65,$D65=S65)),$W$51,IF(OR($C65=R65,$D65=S65),$W$52))))) -> 1
A66: 46113 | B66: Nudel mit Käsesoße | C66: Chilli con Carne | D66: Reis | E66: Carbonara | F66: Wienerschnitzel | G66: Kartoffelsalat | H66: =IF(ISBLANK($B66),$W$53,IF(AND($B66=E66,$C66=F66,$D66=G66),$W$50,IF(AND($B66=E66,OR($C66=F66,$D66=G66)),$W$51+$W$52,IF(OR($B66=E66,AND($C66=F66,$D66=G66)),$W$51,IF(OR($C66=F66,$D66=G66),$W$52))))) -> FALSE | I66: Carbonara | J66: Hühnerhaxlen | K66: Pommes | L66: =IF(ISBLANK($B66),$W$53,IF(AND($B66=I66,$C66=J66,$D66=K66),$W$50,IF(AND($B66=I66,OR($C66=J66,$D66=K66)),$W$51+$W$52,IF(OR($B66=I66,AND($C66=J66,$D66=K66)),$W$51,IF(OR($C66=J66,$D66=K66),$W$52))))) -> FALSE | M66: Nudel mit Käsesoße | N66: Champignonschnitzel | O66: Reis | P66: =IF(ISBLANK($B66),$W$53,IF(AND($B66=M66,$C66=N66,$D66=O66),$W$50,IF(AND($B66=M66,OR($C66=N66,$D66=O66)),$W$51+$W$52,IF(OR($B66=M66,AND($C66=N66,$D66=O66)),$W$51,IF(OR($C66=N66,$D66=O66),$W$52))))) -> 1.5 | Q66: Spinatspatzlen | R66: Chilli con carne | S66: Reis | T66: =IF(ISBLANK($B66),$W$53,IF(AND($B66=Q66,$C66=R66,$D66=S66),$W$50,IF(AND($B66=Q66,OR($C66=R66,$D66=S66)),$W$51+$W$52,IF(OR($B66=Q66,AND($C66=R66,$D66=S66)),$W$51,IF(OR($C66=R66,$D66=S66),$W$52))))) -> 1
A67: 46114 | B67: Nudel mit Ragu | C67: Schweinsfilet | D67: Püree | E67: Lasagne | F67: Hühnerhaxlen | G67: Pommes | H67: =IF(ISBLANK($B67),$W$53,IF(AND($B67=E67,$C67=F67,$D67=G67),$W$50,IF(AND($B67=E67,OR($C67=F67,$D67=G67)),$W$51+$W$52,IF(OR($B67=E67,AND($C67=F67,$D67=G67)),$W$51,IF(OR($C67=F67,$D67=G67),$W$52))))) -> FALSE | I67: Pizza | J67: Wienerschnitzel | K67: Kartoffelsalat | L67: =IF(ISBLANK($B67),$W$53,IF(AND($B67=I67,$C67=J67,$D67=K67),$W$50,IF(AND($B67=I67,OR($C67=J67,$D67=K67)),$W$51+$W$52,IF(OR($B67=I67,AND($C67=J67,$D67=K67)),$W$51,IF(OR($C67=J67,$D67=K67),$W$52))))) -> FALSE | M67: Pizzastrudel | N67: Wienerschnitzel | O67: Kartoffelsalat | P67: =IF(ISBLANK($B67),$W$53,IF(AND($B67=M67,$C67=N67,$D67=O67),$W$50,IF(AND($B67=M67,OR($C67=N67,$D67=O67)),$W$51+$W$52,IF(OR($B67=M67,AND($C67=N67,$D67=O67)),$W$51,IF(OR($C67=N67,$D67=O67),$W$52))))) -> FALSE | Q67: Nudel mit Salsiccia-Ragu | R67: Schweinsfilet | S67: =G67 -> Pommes | T67: =IF(ISBLANK($B67),$W$53,IF(AND($B67=Q67,$C67=R67,$D67=S67),$W$50,IF(AND($B67=Q67,OR($C67=R67,$D67=S67)),$W$51+$W$52,IF(OR($B67=Q67,AND($C67=R67,$D67=S67)),$W$51,IF(OR($C67=R67,$D67=S67),$W$52))))) -> 0.5
A68: 46115 | B68: Spargelrisotto | C68: Frittiertes Pengasiusfilet | D68: Kartoffelsalat | E68: Nudel mit Meeresfrüchte | F68: Frittiertes Pengasiusfilet | G68: Salzkartoffeln | H68: =IF(ISBLANK($B68),$W$53,IF(AND($B68=E68,$C68=F68,$D68=G68),$W$50,IF(AND($B68=E68,OR($C68=F68,$D68=G68)),$W$51+$W$52,IF(OR($B68=E68,AND($C68=F68,$D68=G68)),$W$51,IF(OR($C68=F68,$D68=G68),$W$52))))) -> 0.5 | I68: Nudel mit Meeresfrüchten | J68: Forellenfilet | K68: Salzkartoffeln | L68: =IF(ISBLANK($B68),$W$53,IF(AND($B68=I68,$C68=J68,$D68=K68),$W$50,IF(AND($B68=I68,OR($C68=J68,$D68=K68)),$W$51+$W$52,IF(OR($B68=I68,AND($C68=J68,$D68=K68)),$W$51,IF(OR($C68=J68,$D68=K68),$W$52))))) -> FALSE | M68: Nudel mit Thunfisch | N68: Forellenfilet | O68: Salzkartoffeln | P68: =IF(ISBLANK($B68),$W$53,IF(AND($B68=M68,$C68=N68,$D68=O68),$W$50,IF(AND($B68=M68,OR($C68=N68,$D68=O68)),$W$51+$W$52,IF(OR($B68=M68,AND($C68=N68,$D68=O68)),$W$51,IF(OR($C68=N68,$D68=O68),$W$52))))) -> FALSE | Q68: =M68 -> Nudel mit Thunfisch | R68: =N68 -> Forellenfilet | S68: =O68 -> Salzkartoffeln | T68: =IF(ISBLANK($B68),$W$53,IF(AND($B68=Q68,$C68=R68,$D68=S68),$W$50,IF(AND($B68=Q68,OR($C68=R68,$D68=S68)),$W$51+$W$52,IF(OR($B68=Q68,AND($C68=R68,$D68=S68)),$W$51,IF(OR($C68=R68,$D68=S68),$W$52))))) -> FALSE
A69: 46118 | B69: - | C69: - | D69: -
A70: 46119 | B70: Käseknödel | C70: Truthahngeschnetzeltes | D70: Spatzlen | E70: Tortellini mit Schinken-Rahm | F70: Hühnerhaxlen | G70: Pommes | H70: =IF(ISBLANK($B70),$W$53,IF(AND($B70=E70,$C70=F70,$D70=G70),$W$50,IF(AND($B70=E70,OR($C70=F70,$D70=G70)),$W$51+$W$52,IF(OR($B70=E70,AND($C70=F70,$D70=G70)),$W$51,IF(OR($C70=F70,$D70=G70),$W$52))))) -> FALSE | I70: Amatriciana | J70: Champignonschnitzel | K70: Reis | L70: =IF(ISBLANK($B70),$W$53,IF(AND($B70=I70,$C70=J70,$D70=K70),$W$50,IF(AND($B70=I70,OR($C70=J70,$D70=K70)),$W$51+$W$52,IF(OR($B70=I70,AND($C70=J70,$D70=K70)),$W$51,IF(OR($C70=J70,$D70=K70),$W$52))))) -> FALSE | M70: Arrabbiata | N70: Champignonschnitzel | O70: Reis | P70: =IF(ISBLANK($B70),$W$53,IF(AND($B70=M70,$C70=N70,$D70=O70),$W$50,IF(AND($B70=M70,OR($C70=N70,$D70=O70)),$W$51+$W$52,IF(OR($B70=M70,AND($C70=N70,$D70=O70)),$W$51,IF(OR($C70=N70,$D70=O70),$W$52))))) -> FALSE | Q70: =M70 -> Arrabbiata | R70: =N70 -> Champignonschnitzel | S70: =O70 -> Reis | T70: =IF(ISBLANK($B70),$W$53,IF(AND($B70=Q70,$C70=R70,$D70=S70),$W$50,IF(AND($B70=Q70,OR($C70=R70,$D70=S70)),$W$51+$W$52,IF(OR($B70=Q70,AND($C70=R70,$D70=S70)),$W$51,IF(OR($C70=R70,$D70=S70),$W$52))))) -> FALSE
A71: 46120 | B71: Gnocchi mit Gorgonzolasoße | C71: Schweinsfilet | D71: Reis | E71: Nudel mit Käsesoße | F71: Chilli con carne | G71: Reis | H71: =IF(ISBLANK($B71),$W$53,IF(AND($B71=E71,$C71=F71,$D71=G71),$W$50,IF(AND($B71=E71,OR($C71=F71,$D71=G71)),$W$51+$W$52,IF(OR($B71=E71,AND($C71=F71,$D71=G71)),$W$51,IF(OR($C71=F71,$D71=G71),$W$52))))) -> 0.5 | I71: Carbonara | J71: Hühnerhaxlen | K71: Pommes | L71: =IF(ISBLANK($B71),$W$53,IF(AND($B71=I71,$C71=J71,$D71=K71),$W$50,IF(AND($B71=I71,OR($C71=J71,$D71=K71)),$W$51+$W$52,IF(OR($B71=I71,AND($C71=J71,$D71=K71)),$W$51,IF(OR($C71=J71,$D71=K71),$W$52))))) -> FALSE | M71: Amatriciana | N71: Zigeunerschnitzel | O71: Püree | P71: =IF(ISBLANK($B71),$W$53,IF(AND($B71=M71,$C71=N71,$D71=O71),$W$50,IF(AND($B71=M71,OR($C71=N71,$D71=O71)),$W$51+$W$52,IF(OR($B71=M71,AND($C71=N71,$D71=O71)),$W$51,IF(OR($C71=N71,$D71=O71),$W$52))))) -> FALSE | Q71: Spinatspatzlen | R71: Zwiebelrostbraten | S71: Spatzlen | T71: =IF(ISBLANK($B71),$W$53,IF(AND($B71=Q71,$C71=R71,$D71=S71),$W$50,IF(AND($B71=Q71,OR($C71=R71,$D71=S71)),$W$51+$W$52,IF(OR($B71=Q71,AND($C71=R71,$D71=S71)),$W$51,IF(OR($C71=R71,$D71=S71),$W$52))))) -> FALSE
A72: 46121 | B72: Amatriciana | C72: Gekochtes Rindfleisch | D72: Salzkartoffeln | E72: Aglio Olio | F72: Hühnerhaxlen | G72: Pommes | H72: =IF(ISBLANK($B72),$W$53,IF(AND($B72=E72,$C72=F72,$D72=G72),$W$50,IF(AND($B72=E72,OR($C72=F72,$D72=G72)),$W$51+$W$52,IF(OR($B72=E72,AND($C72=F72,$D72=G72)),$W$51,IF(OR($C72=F72,$D72=G72),$W$52))))) -> FALSE | I72: Nudel Mammarosa | J72: Wienerschnitzel | K72: Kartoffelsalat | L72: =IF(ISBLANK($B72),$W$53,IF(AND($B72=I72,$C72=J72,$D72=K72),$W$50,IF(AND($B72=I72,OR($C72=J72,$D72=K72)),$W$51+$W$52,IF(OR($B72=I72,AND($C72=J72,$D72=K72)),$W$51,IF(OR($C72=J72,$D72=K72),$W$52))))) -> FALSE | M72: Hirten | N72: Chilli con carne | O72: Reis | P72: =IF(ISBLANK($B72),$W$53,IF(AND($B72=M72,$C72=N72,$D72=O72),$W$50,IF(AND($B72=M72,OR($C72=N72,$D72=O72)),$W$51+$W$52,IF(OR($B72=M72,AND($C72=N72,$D72=O72)),$W$51,IF(OR($C72=N72,$D72=O72),$W$52))))) -> FALSE | Q72: Nudel mit Pesto | R72: Gulasch | S72: Plent | T72: =IF(ISBLANK($B72),$W$53,IF(AND($B72=Q72,$C72=R72,$D72=S72),$W$50,IF(AND($B72=Q72,OR($C72=R72,$D72=S72)),$W$51+$W$52,IF(OR($B72=Q72,AND($C72=R72,$D72=S72)),$W$51,IF(OR($C72=R72,$D72=S72),$W$52))))) -> FALSE
A73: 46122 | B73: Nudel mit Thunfischsoße | C73: Hühnerhaxlen | D73: Pommes | E73: Carbonara | F73: Leberkas | G73: Röstkartoffeln | H73: =IF(ISBLANK($B73),$W$53,IF(AND($B73=E73,$C73=F73,$D73=G73),$W$50,IF(AND($B73=E73,OR($C73=F73,$D73=G73)),$W$51+$W$52,IF(OR($B73=E73,AND($C73=F73,$D73=G73)),$W$51,IF(OR($C73=F73,$D73=G73),$W$52))))) -> FALSE | I73: Carbonara | J73: Hühnerhaxlen | K73: Pommes | L73: =IF(ISBLANK($B73),$W$53,IF(AND($B73=I73,$C73=J73,$D73=K73),$W$50,IF(AND($B73=I73,OR($C73=J73,$D73=K73)),$W$51+$W$52,IF(OR($B73=I73,AND($C73=J73,$D73=K73)),$W$51,IF(OR($C73=J73,$D73=K73),$W$52))))) -> 1 | M73: Lasagne | N73: Wienerschnitzel | O73: Kartoffelsalat | P73: =IF(ISBLANK($B73),$W$53,IF(AND($B73=M73,$C73=N73,$D73=O73),$W$50,IF(AND($B73=M73,OR($C73=N73,$D73=O73)),$W$51+$W$52,IF(OR($B73=M73,AND($C73=N73,$D73=O73)),$W$51,IF(OR($C73=N73,$D73=O73),$W$52))))) -> FALSE | Q73: =M73 -> Lasagne | R73: Leberkas | S73: Röstkartoffeln | T73: =IF(ISBLANK($B73),$W$53,IF(AND($B73=Q73,$C73=R73,$D73=S73),$W$50,IF(AND($B73=Q73,OR($C73=R73,$D73=S73)),$W$51+$W$52,IF(OR($B73=Q73,AND($C73=R73,$D73=S73)),$W$51,IF(OR($C73=R73,$D73=S73),$W$52))))) -> FALSE
A74: 46125 | B74: Aglio Olio | C74: Champignonschnitzel | D74: Reis | E74: Amatriciana | F74: Champignonschnitzel | G74: Reis | H74: =IF(ISBLANK($B74),$W$53,IF(AND($B74=E74,$C74=F74,$D74=G74),$W$50,IF(AND($B74=E74,OR($C74=F74,$D74=G74)),$W$51+$W$52,IF(OR($B74=E74,AND($C74=F74,$D74=G74)),$W$51,IF(OR($C74=F74,$D74=G74),$W$52))))) -> 1 | I74: Lasagne | J74: Champignonschnitzel | K74: Reis | L74: =IF(ISBLANK($B74),$W$53,IF(AND($B74=I74,$C74=J74,$D74=K74),$W$50,IF(AND($B74=I74,OR($C74=J74,$D74=K74)),$W$51+$W$52,IF(OR($B74=I74,AND($C74=J74,$D74=K74)),$W$51,IF(OR($C74=J74,$D74=K74),$W$52))))) -> 1 | M74: Amatriciana | N74: Champignonschnitzel | O74: Reis | P74: =IF(ISBLANK($B74),$W$53,IF(AND($B74=M74,$C74=N74,$D74=O74),$W$50,IF(AND($B74=M74,OR($C74=N74,$D74=O74)),$W$51+$W$52,IF(OR($B74=M74,AND($C74=N74,$D74=O74)),$W$51,IF(OR($C74=N74,$D74=O74),$W$52))))) -> 1 | Q74: Aglio Olio | R74: Truthahnbraten | S74: Reis | T74: =IF(ISBLANK($B74),$W$53,IF(AND($B74=Q74,$C74=R74,$D74=S74),$W$50,IF(AND($B74=Q74,OR($C74=R74,$D74=S74)),$W$51+$W$52,IF(OR($B74=Q74,AND($C74=R74,$D74=S74)),$W$51,IF(OR($C74=R74,$D74=S74),$W$52))))) -> 1.5
A75: 46126 | B75: Spinatravioli | C75: Truthahnbraten | D75: Püree | E75: Spinatspatzlen | F75: Hühnerbrust | G75: Pommes | H75: =IF(ISBLANK($B75),$W$53,IF(AND($B75=E75,$C75=F75,$D75=G75),$W$50,IF(AND($B75=E75,OR($C75=F75,$D75=G75)),$W$51+$W$52,IF(OR($B75=E75,AND($C75=F75,$D75=G75)),$W$51,IF(OR($C75=F75,$D75=G75),$W$52))))) -> FALSE | I75: Hirten | J75: Schweinsschopf | K75: Ofenkartoffeln | L75: =IF(ISBLANK($B75),$W$53,IF(AND($B75=I75,$C75=J75,$D75=K75),$W$50,IF(AND($B75=I75,OR($C75=J75,$D75=K75)),$W$51+$W$52,IF(OR($B75=I75,AND($C75=J75,$D75=K75)),$W$51,IF(OR($C75=J75,$D75=K75),$W$52))))) -> FALSE | M75: Hirten | N75: Hühnerbrust | O75: Ofenkartoffeln | P75: =IF(ISBLANK($B75),$W$53,IF(AND($B75=M75,$C75=N75,$D75=O75),$W$50,IF(AND($B75=M75,OR($C75=N75,$D75=O75)),$W$51+$W$52,IF(OR($B75=M75,AND($C75=N75,$D75=O75)),$W$51,IF(OR($C75=N75,$D75=O75),$W$52))))) -> FALSE | Q75: Tortellini mit Schinken-Rahm | R75: Schweinsschopf | S75: Ofenkartoffeln | T75: =IF(ISBLANK($B75),$W$53,IF(AND($B75=Q75,$C75=R75,$D75=S75),$W$50,IF(AND($B75=Q75,OR($C75=R75,$D75=S75)),$W$51+$W$52,IF(OR($B75=Q75,AND($C75=R75,$D75=S75)),$W$51,IF(OR($C75=R75,$D75=S75),$W$52))))) -> FALSE
A76: 46127 | B76: Hirten | C76: Schweinsschopf | D76: Pommes | E76: Hirten | F76: Wienerschnitzel | G76: Kartoffelsalat | H76: =IF(ISBLANK($B76),$W$53,IF(AND($B76=E76,$C76=F76,$D76=G76),$W$50,IF(AND($B76=E76,OR($C76=F76,$D76=G76)),$W$51+$W$52,IF(OR($B76=E76,AND($C76=F76,$D76=G76)),$W$51,IF(OR($C76=F76,$D76=G76),$W$52))))) -> 1 | I76: Nudel Mammarosa | J76: Wienerschnitzel | K76: Pommes | L76: =IF(ISBLANK($B76),$W$53,IF(AND($B76=I76,$C76=J76,$D76=K76),$W$50,IF(AND($B76=I76,OR($C76=J76,$D76=K76)),$W$51+$W$52,IF(OR($B76=I76,AND($C76=J76,$D76=K76)),$W$51,IF(OR($C76=J76,$D76=K76),$W$52))))) -> 0.5 | M76: Aglio Olio | N76: Schweinsfilet | O76: Püree | P76: =IF(ISBLANK($B76),$W$53,IF(AND($B76=M76,$C76=N76,$D76=O76),$W$50,IF(AND($B76=M76,OR($C76=N76,$D76=O76)),$W$51+$W$52,IF(OR($B76=M76,AND($C76=N76,$D76=O76)),$W$51,IF(OR($C76=N76,$D76=O76),$W$52))))) -> FALSE | Q76: Spinatspatzlen | R76: Chilli con carne | S76: Pommes | T76: =IF(ISBLANK($B76),$W$53,IF(AND($B76=Q76,$C76=R76,$D76=S76),$W$50,IF(AND($B76=Q76,OR($C76=R76,$D76=S76)),$W$51+$W$52,IF(OR($B76=Q76,AND($C76=R76,$D76=S76)),$W$51,IF(OR($C76=R76,$D76=S76),$W$52))))) -> 0.5
A77: 46128 | B77: Lasagne | C77: Ossobuchi | D77: Spatzlen | E77: Nudel Mammarosa | F77: Cordon Bleu | G77: Kroketten | H77: =IF(ISBLANK($B77),$W$53,IF(AND($B77=E77,$C77=F77,$D77=G77),$W$50,IF(AND($B77=E77,OR($C77=F77,$D77=G77)),$W$51+$W$52,IF(OR($B77=E77,AND($C77=F77,$D77=G77)),$W$51,IF(OR($C77=F77,$D77=G77),$W$52))))) -> FALSE | I77: Carbonara | J77: Knödel | K77: Gulasch | L77: =IF(ISBLANK($B77),$W$53,IF(AND($B77=I77,$C77=J77,$D77=K77),$W$50,IF(AND($B77=I77,OR($C77=J77,$D77=K77)),$W$51+$W$52,IF(OR($B77=I77,AND($C77=J77,$D77=K77)),$W$51,IF(OR($C77=J77,$D77=K77),$W$52))))) -> FALSE | M77: Arrabbiata | N77: Hühnerbrust | O77: Kartoffelsalat | P77: =IF(ISBLANK($B77),$W$53,IF(AND($B77=M77,$C77=N77,$D77=O77),$W$50,IF(AND($B77=M77,OR($C77=N77,$D77=O77)),$W$51+$W$52,IF(OR($B77=M77,AND($C77=N77,$D77=O77)),$W$51,IF(OR($C77=N77,$D77=O77),$W$52))))) -> FALSE | Q77: Pizzastrudel | R77: =J77 -> Knödel | S77: =G77 -> Kroketten | T77: =IF(ISBLANK($B77),$W$53,IF(AND($B77=Q77,$C77=R77,$D77=S77),$W$50,IF(AND($B77=Q77,OR($C77=R77,$D77=S77)),$W$51+$W$52,IF(OR($B77=Q77,AND($C77=R77,$D77=S77)),$W$51,IF(OR($C77=R77,$D77=S77),$W$52))))) -> FALSE
A78: 46129 | B78: Nudel mit Tomatensoße und Mozzarella | C78: Leberkas | D78: Röstkartoffeln | E78: Nudel mit Käsesoße | F78: Gekochtes Rindfleisch | G78: Röstkartoffeln | H78: =IF(ISBLANK($B78),$W$53,IF(AND($B78=E78,$C78=F78,$D78=G78),$W$50,IF(AND($B78=E78,OR($C78=F78,$D78=G78)),$W$51+$W$52,IF(OR($B78=E78,AND($C78=F78,$D78=G78)),$W$51,IF(OR($C78=F78,$D78=G78),$W$52))))) -> 0.5 | I78: Pizzastrudel | J78: Wienerschnitzel | K78: Kartoffelsalat | L78: =IF(ISBLANK($B78),$W$53,IF(AND($B78=I78,$C78=J78,$D78=K78),$W$50,IF(AND($B78=I78,OR($C78=J78,$D78=K78)),$W$51+$W$52,IF(OR($B78=I78,AND($C78=J78,$D78=K78)),$W$51,IF(OR($C78=J78,$D78=K78),$W$52))))) -> FALSE | M78: Nudel mit Käsesoße | N78: Wienerschnitzel | O78: Kartoffelgratin | P78: =IF(ISBLANK($B78),$W$53,IF(AND($B78=M78,$C78=N78,$D78=O78),$W$50,IF(AND($B78=M78,OR($C78=N78,$D78=O78)),$W$51+$W$52,IF(OR($B78=M78,AND($C78=N78,$D78=O78)),$W$51,IF(OR($C78=N78,$D78=O78),$W$52))))) -> FALSE | Q78: Arrabbiata | R78: Leberkas | S78: Kartoffelsalat | T78: =IF(ISBLANK($B78),$W$53,IF(AND($B78=Q78,$C78=R78,$D78=S78),$W$50,IF(AND($B78=Q78,OR($C78=R78,$D78=S78)),$W$51+$W$52,IF(OR($B78=Q78,AND($C78=R78,$D78=S78)),$W$51,IF(OR($C78=R78,$D78=S78),$W$52))))) -> 0.5
A79: 46132 | B79: Arrabbiata | C79: Schweinsschnitzel | D79: Ofenkartoffeln | E79: Nudel mit Thunfischsoße | F79: Zigeunerschnitzel | G79: Reis | H79: =IF(ISBLANK($B79),$W$53,IF(AND($B79=E79,$C79=F79,$D79=G79),$W$50,IF(AND($B79=E79,OR($C79=F79,$D79=G79)),$W$51+$W$52,IF(OR($B79=E79,AND($C79=F79,$D79=G79)),$W$51,IF(OR($C79=F79,$D79=G79),$W$52))))) -> FALSE | I79: Nudel Mammarosa | J79: Zigeunerschnitzel | K79: Reis | L79: =IF(ISBLANK($B79),$W$53,IF(AND($B79=I79,$C79=J79,$D79=K79),$W$50,IF(AND($B79=I79,OR($C79=J79,$D79=K79)),$W$51+$W$52,IF(OR($B79=I79,AND($C79=J79,$D79=K79)),$W$51,IF(OR($C79=J79,$D79=K79),$W$52))))) -> FALSE | M79: Amatriciana | N79: Schweinsschnitzel mit Kräuterrahmsoße | O79: Reis | P79: =IF(ISBLANK($B79),$W$53,IF(AND($B79=M79,$C79=N79,$D79=O79),$W$50,IF(AND($B79=M79,OR($C79=N79,$D79=O79)),$W$51+$W$52,IF(OR($B79=M79,AND($C79=N79,$D79=O79)),$W$51,IF(OR($C79=N79,$D79=O79),$W$52))))) -> FALSE | Q79: Aglio Olio | R79: Truthahnschnitzel | S79: Reis | T79: =IF(ISBLANK($B79),$W$53,IF(AND($B79=Q79,$C79=R79,$D79=S79),$W$50,IF(AND($B79=Q79,OR($C79=R79,$D79=S79)),$W$51+$W$52,IF(OR($B79=Q79,AND($C79=R79,$D79=S79)),$W$51,IF(OR($C79=R79,$D79=S79),$W$52))))) -> FALSE
A80: 46133 | B80: Spinatspatzlen | C80: Hühnerhaxlen | D80: Pommes | E80: Nudel mit Käsesoße | F80: Hühnerbrust | G80: Kartoffelgratin | H80: =IF(ISBLANK($B80),$W$53,IF(AND($B80=E80,$C80=F80,$D80=G80),$W$50,IF(AND($B80=E80,OR($C80=F80,$D80=G80)),$W$51+$W$52,IF(OR($B80=E80,AND($C80=F80,$D80=G80)),$W$51,IF(OR($C80=F80,$D80=G80),$W$52))))) -> FALSE | I80: Schlutzer | J80: Currywurst | K80: Pommes | L80: =IF(ISBLANK($B80),$W$53,IF(AND($B80=I80,$C80=J80,$D80=K80),$W$50,IF(AND($B80=I80,OR($C80=J80,$D80=K80)),$W$51+$W$52,IF(OR($B80=I80,AND($C80=J80,$D80=K80)),$W$51,IF(OR($C80=J80,$D80=K80),$W$52))))) -> 0.5 | M80: Schlutzer | N80: Truthahngeschnetzeltes | O80: Püree | P80: =IF(ISBLANK($B80),$W$53,IF(AND($B80=M80,$C80=N80,$D80=O80),$W$50,IF(AND($B80=M80,OR($C80=N80,$D80=O80)),$W$51+$W$52,IF(OR($B80=M80,AND($C80=N80,$D80=O80)),$W$51,IF(OR($C80=N80,$D80=O80),$W$52))))) -> FALSE | Q80: Gnocchi mit Käsesoße | R80: Truthahngeschnetzeltes | S80: Spatzlen | T80: =IF(ISBLANK($B80),$W$53,IF(AND($B80=Q80,$C80=R80,$D80=S80),$W$50,IF(AND($B80=Q80,OR($C80=R80,$D80=S80)),$W$51+$W$52,IF(OR($B80=Q80,AND($C80=R80,$D80=S80)),$W$51,IF(OR($C80=R80,$D80=S80),$W$52))))) -> FALSE
A81: 46134 | B81: Gnocchi mit Gorgonzolasoße | C81: Chilli con Carne | D81: Reis | E81: Carbonara | F81: Chilli con carne | G81: Reis | H81: =IF(ISBLANK($B81),$W$53,IF(AND($B81=E81,$C81=F81,$D81=G81),$W$50,IF(AND($B81=E81,OR($C81=F81,$D81=G81)),$W$51+$W$52,IF(OR($B81=E81,AND($C81=F81,$D81=G81)),$W$51,IF(OR($C81=F81,$D81=G81),$W$52))))) -> 1 | I81: Nudel mit Käsesoße | J81: Gulasch | K81: Reis | L81: =IF(ISBLANK($B81),$W$53,IF(AND($B81=I81,$C81=J81,$D81=K81),$W$50,IF(AND($B81=I81,OR($C81=J81,$D81=K81)),$W$51+$W$52,IF(OR($B81=I81,AND($C81=J81,$D81=K81)),$W$51,IF(OR($C81=J81,$D81=K81),$W$52))))) -> 0.5 | M81: Nudel mit Käsesoße | N81: Chilli con carne | O81: Reis | P81: =IF(ISBLANK($B81),$W$53,IF(AND($B81=M81,$C81=N81,$D81=O81),$W$50,IF(AND($B81=M81,OR($C81=N81,$D81=O81)),$W$51+$W$52,IF(OR($B81=M81,AND($C81=N81,$D81=O81)),$W$51,IF(OR($C81=N81,$D81=O81),$W$52))))) -> 1 | Q81: Schlutzer | R81: Chilli con carne | S81: Reis | T81: =IF(ISBLANK($B81),$W$53,IF(AND($B81=Q81,$C81=R81,$D81=S81),$W$50,IF(AND($B81=Q81,OR($C81=R81,$D81=S81)),$W$51+$W$52,IF(OR($B81=Q81,AND($C81=R81,$D81=S81)),$W$51,IF(OR($C81=R81,$D81=S81),$W$52))))) -> 1
A82: 46135 | B82: Pizzastrudel | C82: Schweinsschopf | D82: Kartoffelgratin | E82: Nudel mit Ragu | F82: Schweinsfilet | G82: Kroketten | H82: =IF(ISBLANK($B82),$W$53,IF(AND($B82=E82,$C82=F82,$D82=G82),$W$50,IF(AND($B82=E82,OR($C82=F82,$D82=G82)),$W$51+$W$52,IF(OR($B82=E82,AND($C82=F82,$D82=G82)),$W$51,IF(OR($C82=F82,$D82=G82),$W$52))))) -> FALSE | I82: Nudel Mammarosa | J82: Wienerschnitzel | K82: Kartoffelsalat | L82: =IF(ISBLANK($B82),$W$53,IF(AND($B82=I82,$C82=J82,$D82=K82),$W$50,IF(AND($B82=I82,OR($C82=J82,$D82=K82)),$W$51+$W$52,IF(OR($B82=I82,AND($C82=J82,$D82=K82)),$W$51,IF(OR($C82=J82,$D82=K82),$W$52))))) -> FALSE | M82: Carbonara | N82: Truthahngeschnetzeltes | O82: Püree | P82: =IF(ISBLANK($B82),$W$53,IF(AND($B82=M82,$C82=N82,$D82=O82),$W$50,IF(AND($B82=M82,OR($C82=N82,$D82=O82)),$W$51+$W$52,IF(OR($B82=M82,AND($C82=N82,$D82=O82)),$W$51,IF(OR($C82=N82,$D82=O82),$W$52))))) -> FALSE | Q82: Nudel mit Ragu | R82: Wienerschnitzel | S82: Kartoffelsalat | T82: =IF(ISBLANK($B82),$W$53,IF(AND($B82=Q82,$C82=R82,$D82=S82),$W$50,IF(AND($B82=Q82,OR($C82=R82,$D82=S82)),$W$51+$W$52,IF(OR($B82=Q82,AND($C82=R82,$D82=S82)),$W$51,IF(OR($C82=R82,$D82=S82),$W$52))))) -> FALSE
A83: 46136 | B83: Carbonara | C83: Kalbsgulasch | D83: Püree | E83: Aglio Olio | F83: Wienerschnitzel | G83: Pommes | H83: =IF(ISBLANK($B83),$W$53,IF(AND($B83=E83,$C83=F83,$D83=G83),$W$50,IF(AND($B83=E83,OR($C83=F83,$D83=G83)),$W$51+$W$52,IF(OR($B83=E83,AND($C83=F83,$D83=G83)),$W$51,IF(OR($C83=F83,$D83=G83),$W$52))))) -> FALSE | I83: Nudel mit Thunfischsoße | J83: Cordon Bleu | K83: Kartoffelsalat | L83: =IF(ISBLANK($B83),$W$53,IF(AND($B83=I83,$C83=J83,$D83=K83),$W$50,IF(AND($B83=I83,OR($C83=J83,$D83=K83)),$W$51+$W$52,IF(OR($B83=I83,AND($C83=J83,$D83=K83)),$W$51,IF(OR($C83=J83,$D83=K83),$W$52))))) -> FALSE | M83: Aglio Olio | N83: Wienerschnitzel | O83: Kartoffelsalat | P83: =IF(ISBLANK($B83),$W$53,IF(AND($B83=M83,$C83=N83,$D83=O83),$W$50,IF(AND($B83=M83,OR($C83=N83,$D83=O83)),$W$51+$W$52,IF(OR($B83=M83,AND($C83=N83,$D83=O83)),$W$51,IF(OR($C83=N83,$D83=O83),$W$52))))) -> FALSE | Q83: Nudel mit Thunfischsoße | R83: Schollenfilet | S83: Röstkartoffeln | T83: =IF(ISBLANK($B83),$W$53,IF(AND($B83=Q83,$C83=R83,$D83=S83),$W$50,IF(AND($B83=Q83,OR($C83=R83,$D83=S83)),$W$51+$W$52,IF(OR($B83=Q83,AND($C83=R83,$D83=S83)),$W$51,IF(OR($C83=R83,$D83=S83),$W$52))))) -> FALSE
A84: 46139 | B84: Nudel Mammarosa | C84: Zwiebelrostbraten | D84: Reis | E84: Amatriciana | F84: Champignonschnitzel | G84: Reis | H84: =IF(ISBLANK($B84),$W$53,IF(AND($B84=E84,$C84=F84,$D84=G84),$W$50,IF(AND($B84=E84,OR($C84=F84,$D84=G84)),$W$51+$W$52,IF(OR($B84=E84,AND($C84=F84,$D84=G84)),$W$51,IF(OR($C84=F84,$D84=G84),$W$52))))) -> 0.5 | I84: Amatriciana | J84: Champignonschnitzel | K84: Reis | L84: =IF(ISBLANK($B84),$W$53,IF(AND($B84=I84,$C84=J84,$D84=K84),$W$50,IF(AND($B84=I84,OR($C84=J84,$D84=K84)),$W$51+$W$52,IF(OR($B84=I84,AND($C84=J84,$D84=K84)),$W$51,IF(OR($C84=J84,$D84=K84),$W$52))))) -> 0.5 | M84: Amatriciana | N84: Champignonschnitzel | O84: Reis | P84: =IF(ISBLANK($B84),$W$53,IF(AND($B84=M84,$C84=N84,$D84=O84),$W$50,IF(AND($B84=M84,OR($C84=N84,$D84=O84)),$W$51+$W$52,IF(OR($B84=M84,AND($C84=N84,$D84=O84)),$W$51,IF(OR($C84=N84,$D84=O84),$W$52))))) -> 0.5 | Q84: Amatriciana | R84: Truthahngeschnetzeltes | S84: Kartoffelsalat | T84: =IF(ISBLANK($B84),$W$53,IF(AND($B84=Q84,$C84=R84,$D84=S84),$W$50,IF(AND($B84=Q84,OR($C84=R84,$D84=S84)),$W$51+$W$52,IF(OR($B84=Q84,AND($C84=R84,$D84=S84)),$W$51,IF(OR($C84=R84,$D84=S84),$W$52))))) -> FALSE
A85: 46140 | B85: Tortellini mit Schinken-Rahm | C85: Hühnerbrust | D85: Kroketten | E85: Schlutzer | F85: Currywurst | G85: Pommes | H85: =IF(ISBLANK($B85),$W$53,IF(AND($B85=E85,$C85=F85,$D85=G85),$W$50,IF(AND($B85=E85,OR($C85=F85,$D85=G85)),$W$51+$W$52,IF(OR($B85=E85,AND($C85=F85,$D85=G85)),$W$51,IF(OR($C85=F85,$D85=G85),$W$52))))) -> FALSE | I85: Käseknödel | J85: Wienerschnitzel | K85: Pommes | L85: =IF(ISBLANK($B85),$W$53,IF(AND($B85=I85,$C85=J85,$D85=K85),$W$50,IF(AND($B85=I85,OR($C85=J85,$D85=K85)),$W$51+$W$52,IF(OR($B85=I85,AND($C85=J85,$D85=K85)),$W$51,IF(OR($C85=J85,$D85=K85),$W$52))))) -> FALSE | M85: Schlutzer | N85: Truthahnbraten | O85: Kartoffelgratin | P85: =IF(ISBLANK($B85),$W$53,IF(AND($B85=M85,$C85=N85,$D85=O85),$W$50,IF(AND($B85=M85,OR($C85=N85,$D85=O85)),$W$51+$W$52,IF(OR($B85=M85,AND($C85=N85,$D85=O85)),$W$51,IF(OR($C85=N85,$D85=O85),$W$52))))) -> FALSE | Q85: =I85 -> Käseknödel | R85: =N85 -> Truthahnbraten | S85: =G85 -> Pommes | T85: =IF(ISBLANK($B85),$W$53,IF(AND($B85=Q85,$C85=R85,$D85=S85),$W$50,IF(AND($B85=Q85,OR($C85=R85,$D85=S85)),$W$51+$W$52,IF(OR($B85=Q85,AND($C85=R85,$D85=S85)),$W$51,IF(OR($C85=R85,$D85=S85),$W$52))))) -> FALSE
A86: 46141 | B86: Nudel mit Thunfischsoße | C86: Sparerips | D86: Wedges | E86: Nudel mit Thunfischsoße | F86: Wienerschnitzel | G86: Kartoffelsalat | H86: =IF(ISBLANK($B86),$W$53,IF(AND($B86=E86,$C86=F86,$D86=G86),$W$50,IF(AND($B86=E86,OR($C86=F86,$D86=G86)),$W$51+$W$52,IF(OR($B86=E86,AND($C86=F86,$D86=G86)),$W$51,IF(OR($C86=F86,$D86=G86),$W$52))))) -> 1 | I86: Amatriciana | J86: Currywurst | K86: Kartoffelsalat | L86: =IF(ISBLANK($B86),$W$53,IF(AND($B86=I86,$C86=J86,$D86=K86),$W$50,IF(AND($B86=I86,OR($C86=J86,$D86=K86)),$W$51+$W$52,IF(OR($B86=I86,AND($C86=J86,$D86=K86)),$W$51,IF(OR($C86=J86,$D86=K86),$W$52))))) -> FALSE | M86: Hirten | N86: Truthahngeschnetzeltes | O86: Püree | P86: =IF(ISBLANK($B86),$W$53,IF(AND($B86=M86,$C86=N86,$D86=O86),$W$50,IF(AND($B86=M86,OR($C86=N86,$D86=O86)),$W$51+$W$52,IF(OR($B86=M86,AND($C86=N86,$D86=O86)),$W$51,IF(OR($C86=N86,$D86=O86),$W$52))))) -> FALSE | Q86: Hirten | R86: Schweinsfilet | S86: Kartoffelsalat | T86: =IF(ISBLANK($B86),$W$53,IF(AND($B86=Q86,$C86=R86,$D86=S86),$W$50,IF(AND($B86=Q86,OR($C86=R86,$D86=S86)),$W$51+$W$52,IF(OR($B86=Q86,AND($C86=R86,$D86=S86)),$W$51,IF(OR($C86=R86,$D86=S86),$W$52))))) -> FALSE
A87: 46142 | B87: Nudel mit Ragu | C87: Hauswurst | D87: Plent | E87: Lasagne | F87: Schweinsschopfbraten | G87: Spatzlen | H87: =IF(ISBLANK($B87),$W$53,IF(AND($B87=E87,$C87=F87,$D87=G87),$W$50,IF(AND($B87=E87,OR($C87=F87,$D87=G87)),$W$51+$W$52,IF(OR($B87=E87,AND($C87=F87,$D87=G87)),$W$51,IF(OR($C87=F87,$D87=G87),$W$52))))) -> FALSE | I87: Spinatspatzlen | J87: Wienerschnitzel | K87: Pommes | L87: =IF(ISBLANK($B87),$W$53,IF(AND($B87=I87,$C87=J87,$D87=K87),$W$50,IF(AND($B87=I87,OR($C87=J87,$D87=K87)),$W$51+$W$52,IF(OR($B87=I87,AND($C87=J87,$D87=K87)),$W$51,IF(OR($C87=J87,$D87=K87),$W$52))))) -> FALSE | M87: Lasagne | N87: Leberkas | O87: Kartoffelsalat | P87: =IF(ISBLANK($B87),$W$53,IF(AND($B87=M87,$C87=N87,$D87=O87),$W$50,IF(AND($B87=M87,OR($C87=N87,$D87=O87)),$W$51+$W$52,IF(OR($B87=M87,AND($C87=N87,$D87=O87)),$W$51,IF(OR($C87=N87,$D87=O87),$W$52))))) -> FALSE | Q87: Lasagne | R87: Wienerschnitzel | S87: Spatzlen | T87: =IF(ISBLANK($B87),$W$53,IF(AND($B87=Q87,$C87=R87,$D87=S87),$W$50,IF(AND($B87=Q87,OR($C87=R87,$D87=S87)),$W$51+$W$52,IF(OR($B87=Q87,AND($C87=R87,$D87=S87)),$W$51,IF(OR($C87=R87,$D87=S87),$W$52))))) -> FALSE
A88: 46143 | B88: Frei | C88: Frei | D88: Frei | E88: - | F88: - | G88: - | H88: =IF(ISBLANK($B88),$W$53,IF(AND($B88=E88,$C88=F88,$D88=G88),$W$50,IF(AND($B88=E88,OR($C88=F88,$D88=G88)),$W$51+$W$52,IF(OR($B88=E88,AND($C88=F88,$D88=G88)),$W$51,IF(OR($C88=F88,$D88=G88),$W$52))))) -> FALSE | I88: - | J88: - | K88: - | L88: =IF(ISBLANK($B88),$W$53,IF(AND($B88=I88,$C88=J88,$D88=K88),$W$50,IF(AND($B88=I88,OR($C88=J88,$D88=K88)),$W$51+$W$52,IF(OR($B88=I88,AND($C88=J88,$D88=K88)),$W$51,IF(OR($C88=J88,$D88=K88),$W$52))))) -> FALSE | M88: - | N88: - | O88: - | P88: =IF(ISBLANK($B88),$W$53,IF(AND($B88=M88,$C88=N88,$D88=O88),$W$50,IF(AND($B88=M88,OR($C88=N88,$D88=O88)),$W$51+$W$52,IF(OR($B88=M88,AND($C88=N88,$D88=O88)),$W$51,IF(OR($C88=N88,$D88=O88),$W$52))))) -> FALSE | Q88: - | R88: - | S88: - | T88: =IF(ISBLANK($B88),$W$53,IF(AND($B88=Q88,$C88=R88,$D88=S88),$W$50,IF(AND($B88=Q88,OR($C88=R88,$D88=S88)),$W$51+$W$52,IF(OR($B88=Q88,AND($C88=R88,$D88=S88)),$W$51,IF(OR($C88=R88,$D88=S88),$W$52))))) -> FALSE
A89: 46146 | B89: Nudel mit Käsesoße | C89: Truthahngeschnetzeltes | D89: Reis | E89: Amatriciana | F89: Champignonschnitzel | G89: Reis | H89: =IF(ISBLANK($B89),$W$53,IF(AND($B89=E89,$C89=F89,$D89=G89),$W$50,IF(AND($B89=E89,OR($C89=F89,$D89=G89)),$W$51+$W$52,IF(OR($B89=E89,AND($C89=F89,$D89=G89)),$W$51,IF(OR($C89=F89,$D89=G89),$W$52))))) -> 0.5 | I89: Hirten | J89: Zigeunerschnitzel | K89: Reis | L89: =IF(ISBLANK($B89),$W$53,IF(AND($B89=I89,$C89=J89,$D89=K89),$W$50,IF(AND($B89=I89,OR($C89=J89,$D89=K89)),$W$51+$W$52,IF(OR($B89=I89,AND($C89=J89,$D89=K89)),$W$51,IF(OR($C89=J89,$D89=K89),$W$52))))) -> 0.5 | M89: Amatriciana | N89: Champignonschnitzel | O89: Reis | P89: =IF(ISBLANK($B89),$W$53,IF(AND($B89=M89,$C89=N89,$D89=O89),$W$50,IF(AND($B89=M89,OR($C89=N89,$D89=O89)),$W$51+$W$52,IF(OR($B89=M89,AND($C89=N89,$D89=O89)),$W$51,IF(OR($C89=N89,$D89=O89),$W$52))))) -> 0.5 | Q89: Amatriciana | R89: Champignonschnitzel | S89: Reis | T89: =IF(ISBLANK($B89),$W$53,IF(AND($B89=Q89,$C89=R89,$D89=S89),$W$50,IF(AND($B89=Q89,OR($C89=R89,$D89=S89)),$W$51+$W$52,IF(OR($B89=Q89,AND($C89=R89,$D89=S89)),$W$51,IF(OR($C89=R89,$D89=S89),$W$52))))) -> 0.5
A90: 46147 | B90: Hirten | C90: Wienerschnitzel | D90: Kartoffelsalat | E90: Ravioli mit Parmesan-Butter | F90: Currywurst | G90: Pommes | H90: =IF(ISBLANK($B90),$W$53,IF(AND($B90=E90,$C90=F90,$D90=G90),$W$50,IF(AND($B90=E90,OR($C90=F90,$D90=G90)),$W$51+$W$52,IF(OR($B90=E90,AND($C90=F90,$D90=G90)),$W$51,IF(OR($C90=F90,$D90=G90),$W$52))))) -> FALSE | I90: Spinatspatzlen | J90: Wienerschnitzel | K90: Pommes | L90: =IF(ISBLANK($B90),$W$53,IF(AND($B90=I90,$C90=J90,$D90=K90),$W$50,IF(AND($B90=I90,OR($C90=J90,$D90=K90)),$W$51+$W$52,IF(OR($B90=I90,AND($C90=J90,$D90=K90)),$W$51,IF(OR($C90=J90,$D90=K90),$W$52))))) -> 0.5 | M90: Schlutzer | N90: Truthahnbraten | O90: Püree | P90: =IF(ISBLANK($B90),$W$53,IF(AND($B90=M90,$C90=N90,$D90=O90),$W$50,IF(AND($B90=M90,OR($C90=N90,$D90=O90)),$W$51+$W$52,IF(OR($B90=M90,AND($C90=N90,$D90=O90)),$W$51,IF(OR($C90=N90,$D90=O90),$W$52))))) -> FALSE | Q90: Lasagne | R90: Schweinsfilet | S90: Püree | T90: =IF(ISBLANK($B90),$W$53,IF(AND($B90=Q90,$C90=R90,$D90=S90),$W$50,IF(AND($B90=Q90,OR($C90=R90,$D90=S90)),$W$51+$W$52,IF(OR($B90=Q90,AND($C90=R90,$D90=S90)),$W$51,IF(OR($C90=R90,$D90=S90),$W$52))))) -> FALSE
A91: 46148 | B91: Käseknödel | C91: Ossobuchi | D91: Spatzlen | E91: Gnocchi mit Tomatensoße | F91: Schweinsfilet | G91: Kartoffelgratin | H91: =IF(ISBLANK($B91),$W$53,IF(AND($B91=E91,$C91=F91,$D91=G91),$W$50,IF(AND($B91=E91,OR($C91=F91,$D91=G91)),$W$51+$W$52,IF(OR($B91=E91,AND($C91=F91,$D91=G91)),$W$51,IF(OR($C91=F91,$D91=G91),$W$52))))) -> FALSE | I91: Käseknödel | J91: 1/2 Brathuhn | K91: Ofenkartoffeln | L91: =IF(ISBLANK($B91),$W$53,IF(AND($B91=I91,$C91=J91,$D91=K91),$W$50,IF(AND($B91=I91,OR($C91=J91,$D91=K91)),$W$51+$W$52,IF(OR($B91=I91,AND($C91=J91,$D91=K91)),$W$51,IF(OR($C91=J91,$D91=K91),$W$52))))) -> 1 | M91: Ravioli mit Parmesan-Butter | N91: Schweinsfilet | O91: Spatzlen | P91: =IF(ISBLANK($B91),$W$53,IF(AND($B91=M91,$C91=N91,$D91=O91),$W$50,IF(AND($B91=M91,OR($C91=N91,$D91=O91)),$W$51+$W$52,IF(OR($B91=M91,AND($C91=N91,$D91=O91)),$W$51,IF(OR($C91=N91,$D91=O91),$W$52))))) -> 0.5 | Q91: Aglio Olio | R91: Schweinskotelett | S91: Spatzlen | T91: =IF(ISBLANK($B91),$W$53,IF(AND($B91=Q91,$C91=R91,$D91=S91),$W$50,IF(AND($B91=Q91,OR($C91=R91,$D91=S91)),$W$51+$W$52,IF(OR($B91=Q91,AND($C91=R91,$D91=S91)),$W$51,IF(OR($C91=R91,$D91=S91),$W$52))))) -> 0.5
A92: 46149 | B92: Lasagne | C92: Schweinsgulasch | D92: Püree | E92: Lasagne | F92: Hühnnerhaxlen | G92: Kroketten | H92: =IF(ISBLANK($B92),$W$53,IF(AND($B92=E92,$C92=F92,$D92=G92),$W$50,IF(AND($B92=E92,OR($C92=F92,$D92=G92)),$W$51+$W$52,IF(OR($B92=E92,AND($C92=F92,$D92=G92)),$W$51,IF(OR($C92=F92,$D92=G92),$W$52))))) -> 1 | I92: Lasagne | J92: Leberkas | K92: Röstkartoffeln | L92: =IF(ISBLANK($B92),$W$53,IF(AND($B92=I92,$C92=J92,$D92=K92),$W$50,IF(AND($B92=I92,OR($C92=J92,$D92=K92)),$W$51+$W$52,IF(OR($B92=I92,AND($C92=J92,$D92=K92)),$W$51,IF(OR($C92=J92,$D92=K92),$W$52))))) -> 1 | M92: Amatriciana | N92: Truthahnbraten | O92: Kartoffelgratin | P92: =IF(ISBLANK($B92),$W$53,IF(AND($B92=M92,$C92=N92,$D92=O92),$W$50,IF(AND($B92=M92,OR($C92=N92,$D92=O92)),$W$51+$W$52,IF(OR($B92=M92,AND($C92=N92,$D92=O92)),$W$51,IF(OR($C92=N92,$D92=O92),$W$52))))) -> FALSE | Q92: Amatriciana | R92: Schweinsschopf | S92: Ofenkartoffeln | T92: =IF(ISBLANK($B92),$W$53,IF(AND($B92=Q92,$C92=R92,$D92=S92),$W$50,IF(AND($B92=Q92,OR($C92=R92,$D92=S92)),$W$51+$W$52,IF(OR($B92=Q92,AND($C92=R92,$D92=S92)),$W$51,IF(OR($C92=R92,$D92=S92),$W$52))))) -> FALSE
A93: 46150 | B93: Tortellini mit Schinken-Rahm | C93: Forellenfilet | D93: Salzkartoffeln | E93: Ravioli mit Parmesan-Butter | F93: Leberkas | G93: Röstkartoffeln | H93: =IF(ISBLANK($B93),$W$53,IF(AND($B93=E93,$C93=F93,$D93=G93),$W$50,IF(AND($B93=E93,OR($C93=F93,$D93=G93)),$W$51+$W$52,IF(OR($B93=E93,AND($C93=F93,$D93=G93)),$W$51,IF(OR($C93=F93,$D93=G93),$W$52))))) -> FALSE | I93: Nudel mit Lachs | J93: Currywurst | K93: Pommes | L93: =IF(ISBLANK($B93),$W$53,IF(AND($B93=I93,$C93=J93,$D93=K93),$W$50,IF(AND($B93=I93,OR($C93=J93,$D93=K93)),$W$51+$W$52,IF(OR($B93=I93,AND($C93=J93,$D93=K93)),$W$51,IF(OR($C93=J93,$D93=K93),$W$52))))) -> FALSE | M93: Aglio Olio | N93: Leberkas | O93: Röstkartoffeln | P93: =IF(ISBLANK($B93),$W$53,IF(AND($B93=M93,$C93=N93,$D93=O93),$W$50,IF(AND($B93=M93,OR($C93=N93,$D93=O93)),$W$51+$W$52,IF(OR($B93=M93,AND($C93=N93,$D93=O93)),$W$51,IF(OR($C93=N93,$D93=O93),$W$52))))) -> FALSE | Q93: Nudel mit Thunfischsoße | R93: Schweinsfilet | S93: Kartoffelgratin | T93: =IF(ISBLANK($B93),$W$53,IF(AND($B93=Q93,$C93=R93,$D93=S93),$W$50,IF(AND($B93=Q93,OR($C93=R93,$D93=S93)),$W$51+$W$52,IF(OR($B93=Q93,AND($C93=R93,$D93=S93)),$W$51,IF(OR($C93=R93,$D93=S93),$W$52))))) -> FALSE
A94: 46153 | B94: Amatriciana | C94: Schweinsschnitzel | D94: Wedges | E94: Nudel Mammarosa | F94: Champignonschnitzel | G94: Reis | H94: =IF(ISBLANK($B94),$W$53,IF(AND($B94=E94,$C94=F94,$D94=G94),$W$50,IF(AND($B94=E94,OR($C94=F94,$D94=G94)),$W$51+$W$52,IF(OR($B94=E94,AND($C94=F94,$D94=G94)),$W$51,IF(OR($C94=F94,$D94=G94),$W$52))))) -> FALSE | I94: Amatriciana | J94: Champignonschnitzel | K94: Reis | L94: =IF(ISBLANK($B94),$W$53,IF(AND($B94=I94,$C94=J94,$D94=K94),$W$50,IF(AND($B94=I94,OR($C94=J94,$D94=K94)),$W$51+$W$52,IF(OR($B94=I94,AND($C94=J94,$D94=K94)),$W$51,IF(OR($C94=J94,$D94=K94),$W$52))))) -> 1 | M94: Amatriciana | N94: Champignonschnitzel | O94: Reis | P94: =IF(ISBLANK($B94),$W$53,IF(AND($B94=M94,$C94=N94,$D94=O94),$W$50,IF(AND($B94=M94,OR($C94=N94,$D94=O94)),$W$51+$W$52,IF(OR($B94=M94,AND($C94=N94,$D94=O94)),$W$51,IF(OR($C94=N94,$D94=O94),$W$52))))) -> 1 | Q94: Arrabbiata | R94: Hühnerbrust | S94: Reis | T94: =IF(ISBLANK($B94),$W$53,IF(AND($B94=Q94,$C94=R94,$D94=S94),$W$50,IF(AND($B94=Q94,OR($C94=R94,$D94=S94)),$W$51+$W$52,IF(OR($B94=Q94,AND($C94=R94,$D94=S94)),$W$51,IF(OR($C94=R94,$D94=S94),$W$52))))) -> FALSE
A95: 46154 | B95: Nudel mit Ragu | C95: Rindsbraten | D95: Püree | E95: Nudel mit Käsesoße | F95: Chilli con carne | G95: Pommes | H95: =IF(ISBLANK($B95),$W$53,IF(AND($B95=E95,$C95=F95,$D95=G95),$W$50,IF(AND($B95=E95,OR($C95=F95,$D95=G95)),$W$51+$W$52,IF(OR($B95=E95,AND($C95=F95,$D95=G95)),$W$51,IF(OR($C95=F95,$D95=G95),$W$52))))) -> FALSE | I95: Schlutzer | J95: Truthahnbraten | K95: Kartoffelgratin | L95: =IF(ISBLANK($B95),$W$53,IF(AND($B95=I95,$C95=J95,$D95=K95),$W$50,IF(AND($B95=I95,OR($C95=J95,$D95=K95)),$W$51+$W$52,IF(OR($B95=I95,AND($C95=J95,$D95=K95)),$W$51,IF(OR($C95=J95,$D95=K95),$W$52))))) -> FALSE | M95: Schlutzer | N95: Chilli con carne | O95: Püree | P95: =IF(ISBLANK($B95),$W$53,IF(AND($B95=M95,$C95=N95,$D95=O95),$W$50,IF(AND($B95=M95,OR($C95=N95,$D95=O95)),$W$51+$W$52,IF(OR($B95=M95,AND($C95=N95,$D95=O95)),$W$51,IF(OR($C95=N95,$D95=O95),$W$52))))) -> 0.5 | Q95: Spinatspatzlen | R95: Schweinsfilet | S95: Kartoffelsalat | T95: =IF(ISBLANK($B95),$W$53,IF(AND($B95=Q95,$C95=R95,$D95=S95),$W$50,IF(AND($B95=Q95,OR($C95=R95,$D95=S95)),$W$51+$W$52,IF(OR($B95=Q95,AND($C95=R95,$D95=S95)),$W$51,IF(OR($C95=R95,$D95=S95),$W$52))))) -> FALSE
A96: 46155 | B96: Schlutzer | C96: Cordon Bleu | D96: Kartoffelsalat | E96: Spinatspatzlen | F96: Wienerschnitzel | G96: Reis | H96: =IF(ISBLANK($B96),$W$53,IF(AND($B96=E96,$C96=F96,$D96=G96),$W$50,IF(AND($B96=E96,OR($C96=F96,$D96=G96)),$W$51+$W$52,IF(OR($B96=E96,AND($C96=F96,$D96=G96)),$W$51,IF(OR($C96=F96,$D96=G96),$W$52))))) -> FALSE | I96: Spinatspatzlen | J96: Hühnerhaxlen | K96: Pommes | L96: =IF(ISBLANK($B96),$W$53,IF(AND($B96=I96,$C96=J96,$D96=K96),$W$50,IF(AND($B96=I96,OR($C96=J96,$D96=K96)),$W$51+$W$52,IF(OR($B96=I96,AND($C96=J96,$D96=K96)),$W$51,IF(OR($C96=J96,$D96=K96),$W$52))))) -> FALSE | M96: Spinatspatzlen | N96: Champignonschnitzel | O96: Reis | P96: =IF(ISBLANK($B96),$W$53,IF(AND($B96=M96,$C96=N96,$D96=O96),$W$50,IF(AND($B96=M96,OR($C96=N96,$D96=O96)),$W$51+$W$52,IF(OR($B96=M96,AND($C96=N96,$D96=O96)),$W$51,IF(OR($C96=N96,$D96=O96),$W$52))))) -> FALSE | Q96: Nudel mit Thunfischsoße | R96: =N96 -> Champignonschnitzel | S96: =O96 -> Reis | T96: =IF(ISBLANK($B96),$W$53,IF(AND($B96=Q96,$C96=R96,$D96=S96),$W$50,IF(AND($B96=Q96,OR($C96=R96,$D96=S96)),$W$51+$W$52,IF(OR($B96=Q96,AND($C96=R96,$D96=S96)),$W$51,IF(OR($C96=R96,$D96=S96),$W$52))))) -> FALSE
A97: 46156 | B97: Aglio Olio | C97: Chilli con Carne | D97: Reis | E97: Carbonara | F97: Schweinsfilet | G97: Kroketten | H97: =IF(ISBLANK($B97),$W$53,IF(AND($B97=E97,$C97=F97,$D97=G97),$W$50,IF(AND($B97=E97,OR($C97=F97,$D97=G97)),$W$51+$W$52,IF(OR($B97=E97,AND($C97=F97,$D97=G97)),$W$51,IF(OR($C97=F97,$D97=G97),$W$52))))) -> FALSE | I97: Nudel Mammarosa | J97: Leberkas | K97: Röstkartoffeln | L97: =IF(ISBLANK($B97),$W$53,IF(AND($B97=I97,$C97=J97,$D97=K97),$W$50,IF(AND($B97=I97,OR($C97=J97,$D97=K97)),$W$51+$W$52,IF(OR($B97=I97,AND($C97=J97,$D97=K97)),$W$51,IF(OR($C97=J97,$D97=K97),$W$52))))) -> FALSE | M97: Carbonara | N97: Truthahngeschnetzeltes | O97: Kartoffelgratin | P97: =IF(ISBLANK($B97),$W$53,IF(AND($B97=M97,$C97=N97,$D97=O97),$W$50,IF(AND($B97=M97,OR($C97=N97,$D97=O97)),$W$51+$W$52,IF(OR($B97=M97,AND($C97=N97,$D97=O97)),$W$51,IF(OR($C97=N97,$D97=O97),$W$52))))) -> FALSE | Q97: Lasagne | R97: Truthahngeschnetzeltes | S97: Ofenkartoffeln | T97: =IF(ISBLANK($B97),$W$53,IF(AND($B97=Q97,$C97=R97,$D97=S97),$W$50,IF(AND($B97=Q97,OR($C97=R97,$D97=S97)),$W$51+$W$52,IF(OR($B97=Q97,AND($C97=R97,$D97=S97)),$W$51,IF(OR($C97=R97,$D97=S97),$W$52))))) -> FALSE
A98: 46157 | B98: Spinatcannelloni | C98: Truthahnschnitzel | D98: Pommes | E98: Gnocchi mit Tomatensoße | F98: Leberkas | G98: Röstkartoffeln | H98: =IF(ISBLANK($B98),$W$53,IF(AND($B98=E98,$C98=F98,$D98=G98),$W$50,IF(AND($B98=E98,OR($C98=F98,$D98=G98)),$W$51+$W$52,IF(OR($B98=E98,AND($C98=F98,$D98=G98)),$W$51,IF(OR($C98=F98,$D98=G98),$W$52))))) -> FALSE | I98: Pizzastrudel | J98: Hauswurst | K98: Plent | L98: =IF(ISBLANK($B98),$W$53,IF(AND($B98=I98,$C98=J98,$D98=K98),$W$50,IF(AND($B98=I98,OR($C98=J98,$D98=K98)),$W$51+$W$52,IF(OR($B98=I98,AND($C98=J98,$D98=K98)),$W$51,IF(OR($C98=J98,$D98=K98),$W$52))))) -> FALSE | M98: Nudel mit Thunfisch | N98: Leberkas | O98: Röstkartoffeln | P98: =IF(ISBLANK($B98),$W$53,IF(AND($B98=M98,$C98=N98,$D98=O98),$W$50,IF(AND($B98=M98,OR($C98=N98,$D98=O98)),$W$51+$W$52,IF(OR($B98=M98,AND($C98=N98,$D98=O98)),$W$51,IF(OR($C98=N98,$D98=O98),$W$52))))) -> FALSE | Q98: Carbonara | R98: Schweinsfilet | S98: Salzkartoffeln | T98: =IF(ISBLANK($B98),$W$53,IF(AND($B98=Q98,$C98=R98,$D98=S98),$W$50,IF(AND($B98=Q98,OR($C98=R98,$D98=S98)),$W$51+$W$52,IF(OR($B98=Q98,AND($C98=R98,$D98=S98)),$W$51,IF(OR($C98=R98,$D98=S98),$W$52))))) -> FALSE
A99: 46160 | B99: Arrabbiata | C99: Schweinsfilet | D99: Kartoffelgratin | E99: Nudel mit Käsesoße | F99: Hühnerbrust | G99: Ofenkartoffeln | H99: =IF(ISBLANK($B99),$W$53,IF(AND($B99=E99,$C99=F99,$D99=G99),$W$50,IF(AND($B99=E99,OR($C99=F99,$D99=G99)),$W$51+$W$52,IF(OR($B99=E99,AND($C99=F99,$D99=G99)),$W$51,IF(OR($C99=F99,$D99=G99),$W$52))))) -> FALSE | I99: Hirten | J99: Champignonschnitzel | K99: Reis | L99: =IF(ISBLANK($B99),$W$53,IF(AND($B99=I99,$C99=J99,$D99=K99),$W$50,IF(AND($B99=I99,OR($C99=J99,$D99=K99)),$W$51+$W$52,IF(OR($B99=I99,AND($C99=J99,$D99=K99)),$W$51,IF(OR($C99=J99,$D99=K99),$W$52))))) -> FALSE | M99: Nudel mit Käsesoße | N99: Champignonschnitzel | O99: Reis | P99: =IF(ISBLANK($B99),$W$53,IF(AND($B99=M99,$C99=N99,$D99=O99),$W$50,IF(AND($B99=M99,OR($C99=N99,$D99=O99)),$W$51+$W$52,IF(OR($B99=M99,AND($C99=N99,$D99=O99)),$W$51,IF(OR($C99=N99,$D99=O99),$W$52))))) -> FALSE | Q99: =I99 -> Hirten | R99: =J99 -> Champignonschnitzel | S99: =K99 -> Reis | T99: =IF(ISBLANK($B99),$W$53,IF(AND($B99=Q99,$C99=R99,$D99=S99),$W$50,IF(AND($B99=Q99,OR($C99=R99,$D99=S99)),$W$51+$W$52,IF(OR($B99=Q99,AND($C99=R99,$D99=S99)),$W$51,IF(OR($C99=R99,$D99=S99),$W$52))))) -> FALSE
A100: 46161 | B100: Tortellini mit Schinken-Rahm | C100: Hühnerbrust | D100: Spatzlen | E100: Hirten | F100: Champignonschnitzel | G100: Reis | H100: =IF(ISBLANK($B100),$W$53,IF(AND($B100=E100,$C100=F100,$D100=G100),$W$50,IF(AND($B100=E100,OR($C100=F100,$D100=G100)),$W$51+$W$52,IF(OR($B100=E100,AND($C100=F100,$D100=G100)),$W$51,IF(OR($C100=F100,$D100=G100),$W$52))))) -> FALSE | I100: Carbonara | J100: Hühnerhaxlen | K100: Pommes | L100: =IF(ISBLANK($B100),$W$53,IF(AND($B100=I100,$C100=J100,$D100=K100),$W$50,IF(AND($B100=I100,OR($C100=J100,$D100=K100)),$W$51+$W$52,IF(OR($B100=I100,AND($C100=J100,$D100=K100)),$W$51,IF(OR($C100=J100,$D100=K100),$W$52))))) -> FALSE | M100: Spinatspatzlen | N100: Truthahngeschnetzeltes | O100: Püree | P100: =IF(ISBLANK($B100),$W$53,IF(AND($B100=M100,$C100=N100,$D100=O100),$W$50,IF(AND($B100=M100,OR($C100=N100,$D100=O100)),$W$51+$W$52,IF(OR($B100=M100,AND($C100=N100,$D100=O100)),$W$51,IF(OR($C100=N100,$D100=O100),$W$52))))) -> FALSE | Q100: Lasagne | R100: Wienerschnitzel | S100: Püree | T100: =IF(ISBLANK($B100),$W$53,IF(AND($B100=Q100,$C100=R100,$D100=S100),$W$50,IF(AND($B100=Q100,OR($C100=R100,$D100=S100)),$W$51+$W$52,IF(OR($B100=Q100,AND($C100=R100,$D100=S100)),$W$51,IF(OR($C100=R100,$D100=S100),$W$52))))) -> FALSE
A101: 46162 | B101: Gnocchi mit Tomatensoße | C101: Leberkas | D101: Röstkartoffeln | E101: Nudel mit Ragu | F101: Wienerschnitzel | G101: Pommes | H101: =IF(ISBLANK($B101),$W$53,IF(AND($B101=E101,$C101=F101,$D101=G101),$W$50,IF(AND($B101=E101,OR($C101=F101,$D101=G101)),$W$51+$W$52,IF(OR($B101=E101,AND($C101=F101,$D101=G101)),$W$51,IF(OR($C101=F101,$D101=G101),$W$52))))) -> FALSE | I101: Hirten | J101: Schweinsschopf | K101: Ofenkartoffeln | L101: =IF(ISBLANK($B101),$W$53,IF(AND($B101=I101,$C101=J101,$D101=K101),$W$50,IF(AND($B101=I101,OR($C101=J101,$D101=K101)),$W$51+$W$52,IF(OR($B101=I101,AND($C101=J101,$D101=K101)),$W$51,IF(OR($C101=J101,$D101=K101),$W$52))))) -> FALSE | M101: Pizzastrudel | N101: Champignonschnitzel | O101: Reis | P101: =IF(ISBLANK($B101),$W$53,IF(AND($B101=M101,$C101=N101,$D101=O101),$W$50,IF(AND($B101=M101,OR($C101=N101,$D101=O101)),$W$51+$W$52,IF(OR($B101=M101,AND($C101=N101,$D101=O101)),$W$51,IF(OR($C101=N101,$D101=O101),$W$52))))) -> FALSE | Q101: Hirten | R101: Champignonschnitzel | S101: Kartoffelsalat | T101: =IF(ISBLANK($B101),$W$53,IF(AND($B101=Q101,$C101=R101,$D101=S101),$W$50,IF(AND($B101=Q101,OR($C101=R101,$D101=S101)),$W$51+$W$52,IF(OR($B101=Q101,AND($C101=R101,$D101=S101)),$W$51,IF(OR($C101=R101,$D101=S101),$W$52))))) -> FALSE
A102: 46163 | B102: Nudel mit Pesto | C102: Champignonschnitzel | D102: Reis | E102: Lasagne | F102: Schweinsgulasch | G102: Reis | H102: =IF(ISBLANK($B102),$W$53,IF(AND($B102=E102,$C102=F102,$D102=G102),$W$50,IF(AND($B102=E102,OR($C102=F102,$D102=G102)),$W$51+$W$52,IF(OR($B102=E102,AND($C102=F102,$D102=G102)),$W$51,IF(OR($C102=F102,$D102=G102),$W$52))))) -> 0.5 | I102: Carbonara | J102: Schweinsschopfbraten | K102: Reis | L102: =IF(ISBLANK($B102),$W$53,IF(AND($B102=I102,$C102=J102,$D102=K102),$W$50,IF(AND($B102=I102,OR($C102=J102,$D102=K102)),$W$51+$W$52,IF(OR($B102=I102,AND($C102=J102,$D102=K102)),$W$51,IF(OR($C102=J102,$D102=K102),$W$52))))) -> 0.5 | M102: Hirten | N102: Truthahngeschnetzeltes | O102: Püree | P102: =IF(ISBLANK($B102),$W$53,IF(AND($B102=M102,$C102=N102,$D102=O102),$W$50,IF(AND($B102=M102,OR($C102=N102,$D102=O102)),$W$51+$W$52,IF(OR($B102=M102,AND($C102=N102,$D102=O102)),$W$51,IF(OR($C102=N102,$D102=O102),$W$52))))) -> FALSE | Q102: Schlutzer | R102: Cordon Bleu | S102: Reis | T102: =IF(ISBLANK($B102),$W$53,IF(AND($B102=Q102,$C102=R102,$D102=S102),$W$50,IF(AND($B102=Q102,OR($C102=R102,$D102=S102)),$W$51+$W$52,IF(OR($B102=Q102,AND($C102=R102,$D102=S102)),$W$51,IF(OR($C102=R102,$D102=S102),$W$52))))) -> 0.5
A103: 46164 | B103: Nudel mit Käsesoße | C103: Truthahngeschnetzeltes | D103: Püree | E103: Carbonara | F103: Hauswurst | G103: Plent | H103: =IF(ISBLANK($B103),$W$53,IF(AND($B103=E103,$C103=F103,$D103=G103),$W$50,IF(AND($B103=E103,OR($C103=F103,$D103=G103)),$W$51+$W$52,IF(OR($B103=E103,AND($C103=F103,$D103=G103)),$W$51,IF(OR($C103=F103,$D103=G103),$W$52))))) -> FALSE | I103: Nudel Mammarosa | J103: Hauswurst | K103: Plent | L103: =IF(ISBLANK($B103),$W$53,IF(AND($B103=I103,$C103=J103,$D103=K103),$W$50,IF(AND($B103=I103,OR($C103=J103,$D103=K103)),$W$51+$W$52,IF(OR($B103=I103,AND($C103=J103,$D103=K103)),$W$51,IF(OR($C103=J103,$D103=K103),$W$52))))) -> FALSE | M103: Carbonara | N103: Hühnerhaxlen | O103: Pommes | P103: =IF(ISBLANK($B103),$W$53,IF(AND($B103=M103,$C103=N103,$D103=O103),$W$50,IF(AND($B103=M103,OR($C103=N103,$D103=O103)),$W$51+$W$52,IF(OR($B103=M103,AND($C103=N103,$D103=O103)),$W$51,IF(OR($C103=N103,$D103=O103),$W$52))))) -> FALSE | Q103: Nudel mit Thunfischsoße | R103: Wienerschnitzel | S103: Kartoffelsalat | T103: =IF(ISBLANK($B103),$W$53,IF(AND($B103=Q103,$C103=R103,$D103=S103),$W$50,IF(AND($B103=Q103,OR($C103=R103,$D103=S103)),$W$51+$W$52,IF(OR($B103=Q103,AND($C103=R103,$D103=S103)),$W$51,IF(OR($C103=R103,$D103=S103),$W$52))))) -> FALSE
A104: 46167 | B104: Frei | C104: Frei | D104: Frei | H104: =IF(ISBLANK($B104),$W$53,IF(AND($B104=E104,$C104=F104,$D104=G104),$W$50,IF(AND($B104=E104,OR($C104=F104,$D104=G104)),$W$51+$W$52,IF(OR($B104=E104,AND($C104=F104,$D104=G104)),$W$51,IF(OR($C104=F104,$D104=G104),$W$52))))) -> FALSE | I104: =CHOOSE(MATCH(MAX(SUM(H$9:$H103), SUM(P$9:$P103), SUM(T$9:$T103)),CHOOSE({1;2;3}, SUM(H$9:$H103), SUM(P$9:$P103), SUM(T$9:$T103)),0),E104,M104,Q104) -> 0 | J104: =CHOOSE(MATCH(MAX(SUM($H$9:H103), SUM($P$9:P103), SUM($T$9:T103)),CHOOSE({1;2;3}, SUM($H$9:H103), SUM($P$9:P103), SUM($T$9:T103)),0),F104,N104,R104) -> 0 | K104: =CHOOSE(MATCH(MAX(SUM($H$9:H103), SUM($P$9:P103), SUM($T$9:T103)),CHOOSE({1;2;3}, SUM($H$9:H103), SUM($P$9:P103), SUM($T$9:T103)),0),G104,O104,S104) -> 0 | L104: =IF(ISBLANK($B104),$W$53,IF(AND($B104=I104,$C104=J104,$D104=K104),$W$50,IF(AND($B104=I104,OR($C104=J104,$D104=K104)),$W$51+$W$52,IF(OR($B104=I104,AND($C104=J104,$D104=K104)),$W$51,IF(OR($C104=J104,$D104=K104),$W$52))))) -> FALSE | M104: =CHOOSE(MATCH(MAX(SUM($H$9:H103), SUM($L$9:L103), SUM($T$9:T103)),CHOOSE({1;2;3}, SUM($H$9:H103), SUM($L$9:L103), SUM($T$9:T103)),0),E104,I104,Q104) -> 0 | N104: =CHOOSE(MATCH(MAX(SUM($H$9:H103), SUM($L$9:L103), SUM($T$9:T103)),CHOOSE({1;2;3}, SUM($H$9:H103), SUM($L$9:L103), SUM($T$9:T103)),0),F104,J104,R104) -> 0 | O104: =CHOOSE(MATCH(MAX(SUM($H$9:H103), SUM($L$9:L103), SUM($T$9:T103)),CHOOSE({1;2;3}, SUM($H$9:H103), SUM($L$9:L103), SUM($T$9:T103)),0),G104,K104,S104) -> 0 | P104: =IF(ISBLANK($B104),$W$53,IF(AND($B104=M104,$C104=N104,$D104=O104),$W$50,IF(AND($B104=M104,OR($C104=N104,$D104=O104)),$W$51+$W$52,IF(OR($B104=M104,AND($C104=N104,$D104=O104)),$W$51,IF(OR($C104=N104,$D104=O104),$W$52))))) -> FALSE | T104: =IF(ISBLANK($B104),$W$53,IF(AND($B104=Q104,$C104=R104,$D104=S104),$W$50,IF(AND($B104=Q104,OR($C104=R104,$D104=S104)),$W$51+$W$52,IF(OR($B104=Q104,AND($C104=R104,$D104=S104)),$W$51,IF(OR($C104=R104,$D104=S104),$W$52))))) -> FALSE
A105: 46168 | B105: Hirten | C105: Hühnerbrust | D105: Spatzlen | E105: - | F105: - | G105: - | H105: =IF(ISBLANK($B105),$W$53,IF(AND($B105=E105,$C105=F105,$D105=G105),$W$50,IF(AND($B105=E105,OR($C105=F105,$D105=G105)),$W$51+$W$52,IF(OR($B105=E105,AND($C105=F105,$D105=G105)),$W$51,IF(OR($C105=F105,$D105=G105),$W$52))))) -> FALSE | I105: Amatriciana | J105: Schweinschopf | K105: Ofenkartoffeln | L105: =IF(ISBLANK($B105),$W$53,IF(AND($B105=I105,$C105=J105,$D105=K105),$W$50,IF(AND($B105=I105,OR($C105=J105,$D105=K105)),$W$51+$W$52,IF(OR($B105=I105,AND($C105=J105,$D105=K105)),$W$51,IF(OR($C105=J105,$D105=K105),$W$52))))) -> FALSE | M105: =CHOOSE(MATCH(MAX(SUM($H$9:H104), SUM($L$9:L104), SUM($T$9:T104)),CHOOSE({1;2;3}, SUM($H$9:H104), SUM($L$9:L104), SUM($T$9:T104)),0),E105,I105,Q105) -> Amatriciana | N105: =CHOOSE(MATCH(MAX(SUM($H$9:H104), SUM($L$9:L104), SUM($T$9:T104)),CHOOSE({1;2;3}, SUM($H$9:H104), SUM($L$9:L104), SUM($T$9:T104)),0),F105,J105,R105) -> Schweinschopf | O105: =CHOOSE(MATCH(MAX(SUM($H$9:H104), SUM($L$9:L104), SUM($T$9:T104)),CHOOSE({1;2;3}, SUM($H$9:H104), SUM($L$9:L104), SUM($T$9:T104)),0),G105,K105,S105) -> Ofenkartoffeln | P105: =IF(ISBLANK($B105),$W$53,IF(AND($B105=M105,$C105=N105,$D105=O105),$W$50,IF(AND($B105=M105,OR($C105=N105,$D105=O105)),$W$51+$W$52,IF(OR($B105=M105,AND($C105=N105,$D105=O105)),$W$51,IF(OR($C105=N105,$D105=O105),$W$52))))) -> FALSE | Q105: Hirten | R105: Wienerschnitzel | S105: Kartoffelsalat | T105: =IF(ISBLANK($B105),$W$53,IF(AND($B105=Q105,$C105=R105,$D105=S105),$W$50,IF(AND($B105=Q105,OR($C105=R105,$D105=S105)),$W$51+$W$52,IF(OR($B105=Q105,AND($C105=R105,$D105=S105)),$W$51,IF(OR($C105=R105,$D105=S105),$W$52))))) -> 1
A106: 46169 | B106: Schlutzer | C106: Schweinschopf | D106: Pommes | E106: Ravioli mit Parmesan-Butter | F106: Currywurst | G106: Pommes | H106: =IF(ISBLANK($B106),$W$53,IF(AND($B106=E106,$C106=F106,$D106=G106),$W$50,IF(AND($B106=E106,OR($C106=F106,$D106=G106)),$W$51+$W$52,IF(OR($B106=E106,AND($C106=F106,$D106=G106)),$W$51,IF(OR($C106=F106,$D106=G106),$W$52))))) -> 0.5 | I106: Lasagne | J106: Zigeunerschnitzel | K106: Reis | L106: =IF(ISBLANK($B106),$W$53,IF(AND($B106=I106,$C106=J106,$D106=K106),$W$50,IF(AND($B106=I106,OR($C106=J106,$D106=K106)),$W$51+$W$52,IF(OR($B106=I106,AND($C106=J106,$D106=K106)),$W$51,IF(OR($C106=J106,$D106=K106),$W$52))))) -> FALSE | M106: =CHOOSE(MATCH(MAX(SUM($H$9:H105), SUM($L$9:L105), SUM($T$9:T105)),CHOOSE({1;2;3}, SUM($H$9:H105), SUM($L$9:L105), SUM($T$9:T105)),0),E106,I106,Q106) -> Lasagne | N106: =CHOOSE(MATCH(MAX(SUM($H$9:H105), SUM($L$9:L105), SUM($T$9:T105)),CHOOSE({1;2;3}, SUM($H$9:H105), SUM($L$9:L105), SUM($T$9:T105)),0),F106,J106,R106) -> Zigeunerschnitzel | O106: =CHOOSE(MATCH(MAX(SUM($H$9:H105), SUM($L$9:L105), SUM($T$9:T105)),CHOOSE({1;2;3}, SUM($H$9:H105), SUM($L$9:L105), SUM($T$9:T105)),0),G106,K106,S106) -> Reis | P106: =IF(ISBLANK($B106),$W$53,IF(AND($B106=M106,$C106=N106,$D106=O106),$W$50,IF(AND($B106=M106,OR($C106=N106,$D106=O106)),$W$51+$W$52,IF(OR($B106=M106,AND($C106=N106,$D106=O106)),$W$51,IF(OR($C106=N106,$D106=O106),$W$52))))) -> FALSE | Q106: Käseknödel | R106: Cordon Bleu | S106: Reis | T106: =IF(ISBLANK($B106),$W$53,IF(AND($B106=Q106,$C106=R106,$D106=S106),$W$50,IF(AND($B106=Q106,OR($C106=R106,$D106=S106)),$W$51+$W$52,IF(OR($B106=Q106,AND($C106=R106,$D106=S106)),$W$51,IF(OR($C106=R106,$D106=S106),$W$52))))) -> FALSE
A107: 46170 | B107: Nudel mit Salsiccia-Ragu | C107: Vitello tonnato | D107: Bratkartoffeln | E107: Nudel Mammarosa | F107: Truthahnschnitzel | G107: Reis | H107: =IF(ISBLANK($B107),$W$53,IF(AND($B107=E107,$C107=F107,$D107=G107),$W$50,IF(AND($B107=E107,OR($C107=F107,$D107=G107)),$W$51+$W$52,IF(OR($B107=E107,AND($C107=F107,$D107=G107)),$W$51,IF(OR($C107=F107,$D107=G107),$W$52))))) -> FALSE | I107: Nudel mit Käsesoße | J107: Vitello tonnato | K107: Salzkartoffeln | L107: =IF(ISBLANK($B107),$W$53,IF(AND($B107=I107,$C107=J107,$D107=K107),$W$50,IF(AND($B107=I107,OR($C107=J107,$D107=K107)),$W$51+$W$52,IF(OR($B107=I107,AND($C107=J107,$D107=K107)),$W$51,IF(OR($C107=J107,$D107=K107),$W$52))))) -> 0.5 | M107: =CHOOSE(MATCH(MAX(SUM($H$9:H106), SUM($L$9:L106), SUM($T$9:T106)),CHOOSE({1;2;3}, SUM($H$9:H106), SUM($L$9:L106), SUM($T$9:T106)),0),E107,I107,Q107) -> Nudel mit Käsesoße | N107: =CHOOSE(MATCH(MAX(SUM($H$9:H106), SUM($L$9:L106), SUM($T$9:T106)),CHOOSE({1;2;3}, SUM($H$9:H106), SUM($L$9:L106), SUM($T$9:T106)),0),F107,J107,R107) -> Vitello tonnato | O107: =CHOOSE(MATCH(MAX(SUM($H$9:H106), SUM($L$9:L106), SUM($T$9:T106)),CHOOSE({1;2;3}, SUM($H$9:H106), SUM($L$9:L106), SUM($T$9:T106)),0),G107,K107,S107) -> Salzkartoffeln | P107: =IF(ISBLANK($B107),$W$53,IF(AND($B107=M107,$C107=N107,$D107=O107),$W$50,IF(AND($B107=M107,OR($C107=N107,$D107=O107)),$W$51+$W$52,IF(OR($B107=M107,AND($C107=N107,$D107=O107)),$W$51,IF(OR($C107=N107,$D107=O107),$W$52))))) -> 0.5 | Q107: =E107 -> Nudel Mammarosa | R107: =F107 -> Truthahnschnitzel | S107: =K107 -> Salzkartoffeln | T107: =IF(ISBLANK($B107),$W$53,IF(AND($B107=Q107,$C107=R107,$D107=S107),$W$50,IF(AND($B107=Q107,OR($C107=R107,$D107=S107)),$W$51+$W$52,IF(OR($B107=Q107,AND($C107=R107,$D107=S107)),$W$51,IF(OR($C107=R107,$D107=S107),$W$52))))) -> FALSE
A108: 46171 | B108: Carbonara | C108: Hühnerhaxlen | D108: Wedges | E108: Pizzastrudel | F108: Wienerschnitzel | G108: Kartoffelsalat | H108: =IF(ISBLANK($B108),$W$53,IF(AND($B108=E108,$C108=F108,$D108=G108),$W$50,IF(AND($B108=E108,OR($C108=F108,$D108=G108)),$W$51+$W$52,IF(OR($B108=E108,AND($C108=F108,$D108=G108)),$W$51,IF(OR($C108=F108,$D108=G108),$W$52))))) -> FALSE | I108: Nudel mit Thunfischsoße | J108: Cordon Bleu | K108: Pommes | L108: =IF(ISBLANK($B108),$W$53,IF(AND($B108=I108,$C108=J108,$D108=K108),$W$50,IF(AND($B108=I108,OR($C108=J108,$D108=K108)),$W$51+$W$52,IF(OR($B108=I108,AND($C108=J108,$D108=K108)),$W$51,IF(OR($C108=J108,$D108=K108),$W$52))))) -> FALSE | M108: =CHOOSE(MATCH(MAX(SUM($H$9:H107), SUM($L$9:L107), SUM($T$9:T107)),CHOOSE({1;2;3}, SUM($H$9:H107), SUM($L$9:L107), SUM($T$9:T107)),0),E108,I108,Q108) -> Nudel mit Thunfischsoße | N108: =CHOOSE(MATCH(MAX(SUM($H$9:H107), SUM($L$9:L107), SUM($T$9:T107)),CHOOSE({1;2;3}, SUM($H$9:H107), SUM($L$9:L107), SUM($T$9:T107)),0),F108,J108,R108) -> Cordon Bleu | O108: =CHOOSE(MATCH(MAX(SUM($H$9:H107), SUM($L$9:L107), SUM($T$9:T107)),CHOOSE({1;2;3}, SUM($H$9:H107), SUM($L$9:L107), SUM($T$9:T107)),0),G108,K108,S108) -> Pommes | P108: =IF(ISBLANK($B108),$W$53,IF(AND($B108=M108,$C108=N108,$D108=O108),$W$50,IF(AND($B108=M108,OR($C108=N108,$D108=O108)),$W$51+$W$52,IF(OR($B108=M108,AND($C108=N108,$D108=O108)),$W$51,IF(OR($C108=N108,$D108=O108),$W$52))))) -> FALSE | Q108: - | R108: - | S108: - | T108: =IF(ISBLANK($B108),$W$53,IF(AND($B108=Q108,$C108=R108,$D108=S108),$W$50,IF(AND($B108=Q108,OR($C108=R108,$D108=S108)),$W$51+$W$52,IF(OR($B108=Q108,AND($C108=R108,$D108=S108)),$W$51,IF(OR($C108=R108,$D108=S108),$W$52))))) -> FALSE
A109: 46174 | B109: Frei | C109: Frei | D109: Frei | H109: =IF(ISBLANK($B109),$W$53,IF(AND($B109=E109,$C109=F109,$D109=G109),$W$50,IF(AND($B109=E109,OR($C109=F109,$D109=G109)),$W$51+$W$52,IF(OR($B109=E109,AND($C109=F109,$D109=G109)),$W$51,IF(OR($C109=F109,$D109=G109),$W$52))))) -> FALSE | I109: =CHOOSE(MATCH(MAX(SUM(H$9:$H108), SUM(P$9:$P108), SUM(T$9:$T108)),CHOOSE({1;2;3}, SUM(H$9:$H108), SUM(P$9:$P108), SUM(T$9:$T108)),0),E109,M109,Q109) -> 0 | J109: =CHOOSE(MATCH(MAX(SUM($H$9:H108), SUM($P$9:P108), SUM($T$9:T108)),CHOOSE({1;2;3}, SUM($H$9:H108), SUM($P$9:P108), SUM($T$9:T108)),0),F109,N109,R109) -> 0 | K109: =CHOOSE(MATCH(MAX(SUM($H$9:H108), SUM($P$9:P108), SUM($T$9:T108)),CHOOSE({1;2;3}, SUM($H$9:H108), SUM($P$9:P108), SUM($T$9:T108)),0),G109,O109,S109) -> 0 | L109: =IF(ISBLANK($B109),$W$53,IF(AND($B109=I109,$C109=J109,$D109=K109),$W$50,IF(AND($B109=I109,OR($C109=J109,$D109=K109)),$W$51+$W$52,IF(OR($B109=I109,AND($C109=J109,$D109=K109)),$W$51,IF(OR($C109=J109,$D109=K109),$W$52))))) -> FALSE | M109: =CHOOSE(MATCH(MAX(SUM($H$9:H108), SUM($L$9:L108), SUM($T$9:T108)),CHOOSE({1;2;3}, SUM($H$9:H108), SUM($L$9:L108), SUM($T$9:T108)),0),E109,I109,Q109) -> 0 | N109: =CHOOSE(MATCH(MAX(SUM($H$9:H108), SUM($L$9:L108), SUM($T$9:T108)),CHOOSE({1;2;3}, SUM($H$9:H108), SUM($L$9:L108), SUM($T$9:T108)),0),F109,J109,R109) -> 0 | O109: =CHOOSE(MATCH(MAX(SUM($H$9:H108), SUM($L$9:L108), SUM($T$9:T108)),CHOOSE({1;2;3}, SUM($H$9:H108), SUM($L$9:L108), SUM($T$9:T108)),0),G109,K109,S109) -> 0 | P109: =IF(ISBLANK($B109),$W$53,IF(AND($B109=M109,$C109=N109,$D109=O109),$W$50,IF(AND($B109=M109,OR($C109=N109,$D109=O109)),$W$51+$W$52,IF(OR($B109=M109,AND($C109=N109,$D109=O109)),$W$51,IF(OR($C109=N109,$D109=O109),$W$52))))) -> FALSE | T109: =IF(ISBLANK($B109),$W$53,IF(AND($B109=Q109,$C109=R109,$D109=S109),$W$50,IF(AND($B109=Q109,OR($C109=R109,$D109=S109)),$W$51+$W$52,IF(OR($B109=Q109,AND($C109=R109,$D109=S109)),$W$51,IF(OR($C109=R109,$D109=S109),$W$52))))) -> FALSE
A110: 46175 | B110: Frei | C110: Frei | D110: Frei | H110: =IF(ISBLANK($B110),$W$53,IF(AND($B110=E110,$C110=F110,$D110=G110),$W$50,IF(AND($B110=E110,OR($C110=F110,$D110=G110)),$W$51+$W$52,IF(OR($B110=E110,AND($C110=F110,$D110=G110)),$W$51,IF(OR($C110=F110,$D110=G110),$W$52))))) -> FALSE | I110: =CHOOSE(MATCH(MAX(SUM(H$9:$H109), SUM(P$9:$P109), SUM(T$9:$T109)),CHOOSE({1;2;3}, SUM(H$9:$H109), SUM(P$9:$P109), SUM(T$9:$T109)),0),E110,M110,Q110) -> 0 | J110: =CHOOSE(MATCH(MAX(SUM($H$9:H109), SUM($P$9:P109), SUM($T$9:T109)),CHOOSE({1;2;3}, SUM($H$9:H109), SUM($P$9:P109), SUM($T$9:T109)),0),F110,N110,R110) -> 0 | K110: =CHOOSE(MATCH(MAX(SUM($H$9:H109), SUM($P$9:P109), SUM($T$9:T109)),CHOOSE({1;2;3}, SUM($H$9:H109), SUM($P$9:P109), SUM($T$9:T109)),0),G110,O110,S110) -> 0 | L110: =IF(ISBLANK($B110),$W$53,IF(AND($B110=I110,$C110=J110,$D110=K110),$W$50,IF(AND($B110=I110,OR($C110=J110,$D110=K110)),$W$51+$W$52,IF(OR($B110=I110,AND($C110=J110,$D110=K110)),$W$51,IF(OR($C110=J110,$D110=K110),$W$52))))) -> FALSE | M110: =CHOOSE(MATCH(MAX(SUM($H$9:H109), SUM($L$9:L109), SUM($T$9:T109)),CHOOSE({1;2;3}, SUM($H$9:H109), SUM($L$9:L109), SUM($T$9:T109)),0),E110,I110,Q110) -> 0 | N110: =CHOOSE(MATCH(MAX(SUM($H$9:H109), SUM($L$9:L109), SUM($T$9:T109)),CHOOSE({1;2;3}, SUM($H$9:H109), SUM($L$9:L109), SUM($T$9:T109)),0),F110,J110,R110) -> 0 | O110: =CHOOSE(MATCH(MAX(SUM($H$9:H109), SUM($L$9:L109), SUM($T$9:T109)),CHOOSE({1;2;3}, SUM($H$9:H109), SUM($L$9:L109), SUM($T$9:T109)),0),G110,K110,S110) -> 0 | P110: =IF(ISBLANK($B110),$W$53,IF(AND($B110=M110,$C110=N110,$D110=O110),$W$50,IF(AND($B110=M110,OR($C110=N110,$D110=O110)),$W$51+$W$52,IF(OR($B110=M110,AND($C110=N110,$D110=O110)),$W$51,IF(OR($C110=N110,$D110=O110),$W$52))))) -> FALSE | T110: =IF(ISBLANK($B110),$W$53,IF(AND($B110=Q110,$C110=R110,$D110=S110),$W$50,IF(AND($B110=Q110,OR($C110=R110,$D110=S110)),$W$51+$W$52,IF(OR($B110=Q110,AND($C110=R110,$D110=S110)),$W$51,IF(OR($C110=R110,$D110=S110),$W$52))))) -> FALSE
A111: 46176 | B111: Nudel mit Käsesoße | C111: Truthahnschnitzel | D111: Ofenkartoffeln | E111: Amatriciana | F111: Wienerschnitzel | G111: Pommes | H111: =IF(ISBLANK($B111),$W$53,IF(AND($B111=E111,$C111=F111,$D111=G111),$W$50,IF(AND($B111=E111,OR($C111=F111,$D111=G111)),$W$51+$W$52,IF(OR($B111=E111,AND($C111=F111,$D111=G111)),$W$51,IF(OR($C111=F111,$D111=G111),$W$52))))) -> FALSE | I111: Amatriciana | J111: Chmpignonschnitzel | K111: Reis | L111: =IF(ISBLANK($B111),$W$53,IF(AND($B111=I111,$C111=J111,$D111=K111),$W$50,IF(AND($B111=I111,OR($C111=J111,$D111=K111)),$W$51+$W$52,IF(OR($B111=I111,AND($C111=J111,$D111=K111)),$W$51,IF(OR($C111=J111,$D111=K111),$W$52))))) -> FALSE | M111: =CHOOSE(MATCH(MAX(SUM($H$9:H110), SUM($L$9:L110), SUM($T$9:T110)),CHOOSE({1;2;3}, SUM($H$9:H110), SUM($L$9:L110), SUM($T$9:T110)),0),E111,I111,Q111) -> Amatriciana | N111: =CHOOSE(MATCH(MAX(SUM($H$9:H110), SUM($L$9:L110), SUM($T$9:T110)),CHOOSE({1;2;3}, SUM($H$9:H110), SUM($L$9:L110), SUM($T$9:T110)),0),F111,J111,R111) -> Chmpignonschnitzel | O111: =CHOOSE(MATCH(MAX(SUM($H$9:H110), SUM($L$9:L110), SUM($T$9:T110)),CHOOSE({1;2;3}, SUM($H$9:H110), SUM($L$9:L110), SUM($T$9:T110)),0),G111,K111,S111) -> Reis | P111: =IF(ISBLANK($B111),$W$53,IF(AND($B111=M111,$C111=N111,$D111=O111),$W$50,IF(AND($B111=M111,OR($C111=N111,$D111=O111)),$W$51+$W$52,IF(OR($B111=M111,AND($C111=N111,$D111=O111)),$W$51,IF(OR($C111=N111,$D111=O111),$W$52))))) -> FALSE | Q111: - | R111: - | S111: - | T111: =IF(ISBLANK($B111),$W$53,IF(AND($B111=Q111,$C111=R111,$D111=S111),$W$50,IF(AND($B111=Q111,OR($C111=R111,$D111=S111)),$W$51+$W$52,IF(OR($B111=Q111,AND($C111=R111,$D111=S111)),$W$51,IF(OR($C111=R111,$D111=S111),$W$52))))) -> FALSE
A112: 46177 | B112: Nudel Mammarosa | C112: Schweinsgulasch | D112: Reis | E112: Lasagne | F112: Champignonschnitzel | G112: Reis | H112: =IF(ISBLANK($B112),$W$53,IF(AND($B112=E112,$C112=F112,$D112=G112),$W$50,IF(AND($B112=E112,OR($C112=F112,$D112=G112)),$W$51+$W$52,IF(OR($B112=E112,AND($C112=F112,$D112=G112)),$W$51,IF(OR($C112=F112,$D112=G112),$W$52))))) -> 0.5 | I112: =CHOOSE(MATCH(MAX(SUM(H$9:$H111), SUM(P$9:$P111), SUM(T$9:$T111)),CHOOSE({1;2;3}, SUM(H$9:$H111), SUM(P$9:$P111), SUM(T$9:$T111)),0),E112,M112,Q112) -> - | J112: =CHOOSE(MATCH(MAX(SUM($H$9:H111), SUM($P$9:P111), SUM($T$9:T111)),CHOOSE({1;2;3}, SUM($H$9:H111), SUM($P$9:P111), SUM($T$9:T111)),0),F112,N112,R112) -> - | K112: =CHOOSE(MATCH(MAX(SUM($H$9:H111), SUM($P$9:P111), SUM($T$9:T111)),CHOOSE({1;2;3}, SUM($H$9:H111), SUM($P$9:P111), SUM($T$9:T111)),0),G112,O112,S112) -> - | L112: =IF(ISBLANK($B112),$W$53,IF(AND($B112=I112,$C112=J112,$D112=K112),$W$50,IF(AND($B112=I112,OR($C112=J112,$D112=K112)),$W$51+$W$52,IF(OR($B112=I112,AND($C112=J112,$D112=K112)),$W$51,IF(OR($C112=J112,$D112=K112),$W$52))))) -> FALSE | M112: =CHOOSE(MATCH(MAX(SUM($H$9:H111), SUM($L$9:L111), SUM($T$9:T111)),CHOOSE({1;2;3}, SUM($H$9:H111), SUM($L$9:L111), SUM($T$9:T111)),0),E112,I112,Q112) -> - | N112: =CHOOSE(MATCH(MAX(SUM($H$9:H111), SUM($L$9:L111), SUM($T$9:T111)),CHOOSE({1;2;3}, SUM($H$9:H111), SUM($L$9:L111), SUM($T$9:T111)),0),F112,J112,R112) -> - | O112: =CHOOSE(MATCH(MAX(SUM($H$9:H111), SUM($L$9:L111), SUM($T$9:T111)),CHOOSE({1;2;3}, SUM($H$9:H111), SUM($L$9:L111), SUM($T$9:T111)),0),G112,K112,S112) -> - | P112: =IF(ISBLANK($B112),$W$53,IF(AND($B112=M112,$C112=N112,$D112=O112),$W$50,IF(AND($B112=M112,OR($C112=N112,$D112=O112)),$W$51+$W$52,IF(OR($B112=M112,AND($C112=N112,$D112=O112)),$W$51,IF(OR($C112=N112,$D112=O112),$W$52))))) -> FALSE | Q112: - | R112: - | S112: - | T112: =IF(ISBLANK($B112),$W$53,IF(AND($B112=Q112,$C112=R112,$D112=S112),$W$50,IF(AND($B112=Q112,OR($C112=R112,$D112=S112)),$W$51+$W$52,IF(OR($B112=Q112,AND($C112=R112,$D112=S112)),$W$51,IF(OR($C112=R112,$D112=S112),$W$52))))) -> FALSE
A113: 46178 | B113: Nudel mit Thunfischsoße | C113: Sparerips | D113: Pommes | E113: Nudel mit Thunfischsoße | F113: Currywurst | G113: Pommes | H113: =IF(ISBLANK($B113),$W$53,IF(AND($B113=E113,$C113=F113,$D113=G113),$W$50,IF(AND($B113=E113,OR($C113=F113,$D113=G113)),$W$51+$W$52,IF(OR($B113=E113,AND($C113=F113,$D113=G113)),$W$51,IF(OR($C113=F113,$D113=G113),$W$52))))) -> 1.5 | I113: Nudel mit Lachssoße | J113: Cordon Bleu | K113: Pommes | L113: =IF(ISBLANK($B113),$W$53,IF(AND($B113=I113,$C113=J113,$D113=K113),$W$50,IF(AND($B113=I113,OR($C113=J113,$D113=K113)),$W$51+$W$52,IF(OR($B113=I113,AND($C113=J113,$D113=K113)),$W$51,IF(OR($C113=J113,$D113=K113),$W$52))))) -> 0.5 | M113: =CHOOSE(MATCH(MAX(SUM($H$9:H112), SUM($L$9:L112), SUM($T$9:T112)),CHOOSE({1;2;3}, SUM($H$9:H112), SUM($L$9:L112), SUM($T$9:T112)),0),E113,I113,Q113) -> Nudel mit Lachssoße | N113: =CHOOSE(MATCH(MAX(SUM($H$9:H112), SUM($L$9:L112), SUM($T$9:T112)),CHOOSE({1;2;3}, SUM($H$9:H112), SUM($L$9:L112), SUM($T$9:T112)),0),F113,J113,R113) -> Cordon Bleu | O113: =CHOOSE(MATCH(MAX(SUM($H$9:H112), SUM($L$9:L112), SUM($T$9:T112)),CHOOSE({1;2;3}, SUM($H$9:H112), SUM($L$9:L112), SUM($T$9:T112)),0),G113,K113,S113) -> Pommes | P113: =IF(ISBLANK($B113),$W$53,IF(AND($B113=M113,$C113=N113,$D113=O113),$W$50,IF(AND($B113=M113,OR($C113=N113,$D113=O113)),$W$51+$W$52,IF(OR($B113=M113,AND($C113=N113,$D113=O113)),$W$51,IF(OR($C113=N113,$D113=O113),$W$52))))) -> 0.5 | Q113: Aglio olio | R113: Hauswurst | S113: Plent | T113: =IF(ISBLANK($B113),$W$53,IF(AND($B113=Q113,$C113=R113,$D113=S113),$W$50,IF(AND($B113=Q113,OR($C113=R113,$D113=S113)),$W$51+$W$52,IF(OR($B113=Q113,AND($C113=R113,$D113=S113)),$W$51,IF(OR($C113=R113,$D113=S113),$W$52))))) -> FALSE
A114: 46181 | B114: Arrabbiata | C114: Champignonschnitzel | D114: Reis | E114: Arrabbiata | F114: Hühnerbrust | G114: Kroketten | H114: =IF(ISBLANK($B114),$W$53,IF(AND($B114=E114,$C114=F114,$D114=G114),$W$50,IF(AND($B114=E114,OR($C114=F114,$D114=G114)),$W$51+$W$52,IF(OR($B114=E114,AND($C114=F114,$D114=G114)),$W$51,IF(OR($C114=F114,$D114=G114),$W$52))))) -> 1 | I114: Nudelsalat | J114: Truthahngeschnetzeltes | K114: Reis | L114: =IF(ISBLANK($B114),$W$53,IF(AND($B114=I114,$C114=J114,$D114=K114),$W$50,IF(AND($B114=I114,OR($C114=J114,$D114=K114)),$W$51+$W$52,IF(OR($B114=I114,AND($C114=J114,$D114=K114)),$W$51,IF(OR($C114=J114,$D114=K114),$W$52))))) -> 0.5 | M114: =CHOOSE(MATCH(MAX(SUM($H$9:H113), SUM($L$9:L113), SUM($T$9:T113)),CHOOSE({1;2;3}, SUM($H$9:H113), SUM($L$9:L113), SUM($T$9:T113)),0),E114,I114,Q114) -> Arrabbiata | N114: =CHOOSE(MATCH(MAX(SUM($H$9:H113), SUM($L$9:L113), SUM($T$9:T113)),CHOOSE({1;2;3}, SUM($H$9:H113), SUM($L$9:L113), SUM($T$9:T113)),0),F114,J114,R114) -> Hühnerbrust | O114: =CHOOSE(MATCH(MAX(SUM($H$9:H113), SUM($L$9:L113), SUM($T$9:T113)),CHOOSE({1;2;3}, SUM($H$9:H113), SUM($L$9:L113), SUM($T$9:T113)),0),G114,K114,S114) -> Kroketten | P114: =IF(ISBLANK($B114),$W$53,IF(AND($B114=M114,$C114=N114,$D114=O114),$W$50,IF(AND($B114=M114,OR($C114=N114,$D114=O114)),$W$51+$W$52,IF(OR($B114=M114,AND($C114=N114,$D114=O114)),$W$51,IF(OR($C114=N114,$D114=O114),$W$52))))) -> 1 | Q114: =I114 -> Nudelsalat | R114: =J114 -> Truthahngeschnetzeltes | S114: =K114 -> Reis | T114: =IF(ISBLANK($B114),$W$53,IF(AND($B114=Q114,$C114=R114,$D114=S114),$W$50,IF(AND($B114=Q114,OR($C114=R114,$D114=S114)),$W$51+$W$52,IF(OR($B114=Q114,AND($C114=R114,$D114=S114)),$W$51,IF(OR($C114=R114,$D114=S114),$W$52))))) -> 0.5
A115: 46182 | B115: Tortellini mit Schinken-Rahm | C115: Hühnerbrust | D115: Spatzlen | E115: Tortellini mit Schinken-Rahm | F115: Currywurst | G115: Pommes | H115: =IF(ISBLANK($B115),$W$53,IF(AND($B115=E115,$C115=F115,$D115=G115),$W$50,IF(AND($B115=E115,OR($C115=F115,$D115=G115)),$W$51+$W$52,IF(OR($B115=E115,AND($C115=F115,$D115=G115)),$W$51,IF(OR($C115=F115,$D115=G115),$W$52))))) -> 1 | I115: Carbonara | J115: Hühnerhaxlen | K115: Ofenkartoffeln | L115: =IF(ISBLANK($B115),$W$53,IF(AND($B115=I115,$C115=J115,$D115=K115),$W$50,IF(AND($B115=I115,OR($C115=J115,$D115=K115)),$W$51+$W$52,IF(OR($B115=I115,AND($C115=J115,$D115=K115)),$W$51,IF(OR($C115=J115,$D115=K115),$W$52))))) -> FALSE | M115: Lasagne | N115: Truthahngeschnetzeltes | O115: Püree | P115: =IF(ISBLANK($B115),$W$53,IF(AND($B115=M115,$C115=N115,$D115=O115),$W$50,IF(AND($B115=M115,OR($C115=N115,$D115=O115)),$W$51+$W$52,IF(OR($B115=M115,AND($C115=N115,$D115=O115)),$W$51,IF(OR($C115=N115,$D115=O115),$W$52))))) -> FALSE | Q115: Hirten | R115: Hühnerbrust | S115: Püree | T115: =IF(ISBLANK($B115),$W$53,IF(AND($B115=Q115,$C115=R115,$D115=S115),$W$50,IF(AND($B115=Q115,OR($C115=R115,$D115=S115)),$W$51+$W$52,IF(OR($B115=Q115,AND($C115=R115,$D115=S115)),$W$51,IF(OR($C115=R115,$D115=S115),$W$52))))) -> 0.5
A116: 46183 | B116: Aglio Olio | C116: Schweinskotelett | D116: Kartoffelgratin | E116: Gnocchi mit Tomatensoße | F116: Wienerschnitzel | G116: Kartoffelsalat | H116: =IF(ISBLANK($B116),$W$53,IF(AND($B116=E116,$C116=F116,$D116=G116),$W$50,IF(AND($B116=E116,OR($C116=F116,$D116=G116)),$W$51+$W$52,IF(OR($B116=E116,AND($C116=F116,$D116=G116)),$W$51,IF(OR($C116=F116,$D116=G116),$W$52))))) -> FALSE | I116: Hirten | J116: Truthahngeschnetzeltes | K116: Püree | L116: =IF(ISBLANK($B116),$W$53,IF(AND($B116=I116,$C116=J116,$D116=K116),$W$50,IF(AND($B116=I116,OR($C116=J116,$D116=K116)),$W$51+$W$52,IF(OR($B116=I116,AND($C116=J116,$D116=K116)),$W$51,IF(OR($C116=J116,$D116=K116),$W$52))))) -> FALSE | M116: Carbonara | N116: Schweinsfilet | O116: Ofenkaroffel | P116: =IF(ISBLANK($B116),$W$53,IF(AND($B116=M116,$C116=N116,$D116=O116),$W$50,IF(AND($B116=M116,OR($C116=N116,$D116=O116)),$W$51+$W$52,IF(OR($B116=M116,AND($C116=N116,$D116=O116)),$W$51,IF(OR($C116=N116,$D116=O116),$W$52))))) -> FALSE | Q116: Käseknödel | R116: Truthahnschnitzel | S116: Bratkartoffel | T116: =IF(ISBLANK($B116),$W$53,IF(AND($B116=Q116,$C116=R116,$D116=S116),$W$50,IF(AND($B116=Q116,OR($C116=R116,$D116=S116)),$W$51+$W$52,IF(OR($B116=Q116,AND($C116=R116,$D116=S116)),$W$51,IF(OR($C116=R116,$D116=S116),$W$52))))) -> FALSE
A117: 46184 | B117: Amatriciana | C117: Currywurst | D117: Pommes | E117: Lasagne | F117: Currywurst | G117: Pommes | H117: =IF(ISBLANK($B117),$W$53,IF(AND($B117=E117,$C117=F117,$D117=G117),$W$50,IF(AND($B117=E117,OR($C117=F117,$D117=G117)),$W$51+$W$52,IF(OR($B117=E117,AND($C117=F117,$D117=G117)),$W$51,IF(OR($C117=F117,$D117=G117),$W$52))))) -> 1 | I117: Käseknödel | J117: Leberkas | K117: Röstkartoffeln | L117: =IF(ISBLANK($B117),$W$53,IF(AND($B117=I117,$C117=J117,$D117=K117),$W$50,IF(AND($B117=I117,OR($C117=J117,$D117=K117)),$W$51+$W$52,IF(OR($B117=I117,AND($C117=J117,$D117=K117)),$W$51,IF(OR($C117=J117,$D117=K117),$W$52))))) -> FALSE | M117: Hirten | N117: Wienerschnitzel | O117: Püree | P117: =IF(ISBLANK($B117),$W$53,IF(AND($B117=M117,$C117=N117,$D117=O117),$W$50,IF(AND($B117=M117,OR($C117=N117,$D117=O117)),$W$51+$W$52,IF(OR($B117=M117,AND($C117=N117,$D117=O117)),$W$51,IF(OR($C117=N117,$D117=O117),$W$52))))) -> FALSE | Q117: =E117 -> Lasagne | R117: =F117 -> Currywurst | S117: =G117 -> Pommes | T117: =IF(ISBLANK($B117),$W$53,IF(AND($B117=Q117,$C117=R117,$D117=S117),$W$50,IF(AND($B117=Q117,OR($C117=R117,$D117=S117)),$W$51+$W$52,IF(OR($B117=Q117,AND($C117=R117,$D117=S117)),$W$51,IF(OR($C117=R117,$D117=S117),$W$52))))) -> 1
A118: 46185 | B118: Nudel mit Lachs | C118: Truthahnschnitzel | D118: Kroketten | E118: Schlutzer | F118: Schweinsschopfbraten | G118: Kroketten | H118: =IF(ISBLANK($B118),$W$53,IF(AND($B118=E118,$C118=F118,$D118=G118),$W$50,IF(AND($B118=E118,OR($C118=F118,$D118=G118)),$W$51+$W$52,IF(OR($B118=E118,AND($C118=F118,$D118=G118)),$W$51,IF(OR($C118=F118,$D118=G118),$W$52))))) -> 0.5 | I118: Lasagne | J118: Wienerschnitzel | K118: Kartoffelsalat | L118: =IF(ISBLANK($B118),$W$53,IF(AND($B118=I118,$C118=J118,$D118=K118),$W$50,IF(AND($B118=I118,OR($C118=J118,$D118=K118)),$W$51+$W$52,IF(OR($B118=I118,AND($C118=J118,$D118=K118)),$W$51,IF(OR($C118=J118,$D118=K118),$W$52))))) -> FALSE | M118: Lasagne | N118: Truthahngeschnetzeltes | O118: Salzkartoffeln | P118: =IF(ISBLANK($B118),$W$53,IF(AND($B118=M118,$C118=N118,$D118=O118),$W$50,IF(AND($B118=M118,OR($C118=N118,$D118=O118)),$W$51+$W$52,IF(OR($B118=M118,AND($C118=N118,$D118=O118)),$W$51,IF(OR($C118=N118,$D118=O118),$W$52))))) -> FALSE | Q118: Nudel mit Thunfischsoße | R118: Truthahnschnitzel | S118: Plent | T118: =IF(ISBLANK($B118),$W$53,IF(AND($B118=Q118,$C118=R118,$D118=S118),$W$50,IF(AND($B118=Q118,OR($C118=R118,$D118=S118)),$W$51+$W$52,IF(OR($B118=Q118,AND($C118=R118,$D118=S118)),$W$51,IF(OR($C118=R118,$D118=S118),$W$52))))) -> 0.5
A119: 46188 | B119: Nudel mit Käsesoße | C119: Zigeunerschnitzel | D119: Reis | E119: Nudel mit Salsiccia-Ragu | F119: Truthahngeschnetzeltes | G119: Püree | H119: =IF(ISBLANK($B119),$W$53,IF(AND($B119=E119,$C119=F119,$D119=G119),$W$50,IF(AND($B119=E119,OR($C119=F119,$D119=G119)),$W$51+$W$52,IF(OR($B119=E119,AND($C119=F119,$D119=G119)),$W$51,IF(OR($C119=F119,$D119=G119),$W$52))))) -> FALSE | I119: Reissalat | J119: Schweinsfilet | K119: Reis | L119: =IF(ISBLANK($B119),$W$53,IF(AND($B119=I119,$C119=J119,$D119=K119),$W$50,IF(AND($B119=I119,OR($C119=J119,$D119=K119)),$W$51+$W$52,IF(OR($B119=I119,AND($C119=J119,$D119=K119)),$W$51,IF(OR($C119=J119,$D119=K119),$W$52))))) -> 0.5 | M119: Hirten | N119: Schweinsfilet | O119: Reis | P119: =IF(ISBLANK($B119),$W$53,IF(AND($B119=M119,$C119=N119,$D119=O119),$W$50,IF(AND($B119=M119,OR($C119=N119,$D119=O119)),$W$51+$W$52,IF(OR($B119=M119,AND($C119=N119,$D119=O119)),$W$51,IF(OR($C119=N119,$D119=O119),$W$52))))) -> 0.5 | Q119: Nudel mit Thunfischsoße | R119: Schweinsschnitzel | S119: Reis | T119: =IF(ISBLANK($B119),$W$53,IF(AND($B119=Q119,$C119=R119,$D119=S119),$W$50,IF(AND($B119=Q119,OR($C119=R119,$D119=S119)),$W$51+$W$52,IF(OR($B119=Q119,AND($C119=R119,$D119=S119)),$W$51,IF(OR($C119=R119,$D119=S119),$W$52))))) -> 0.5
A120: 46189 | B120: Lasagne | C120: Truthahnschnitzel | D120: Ofenkartoffeln | E120: Spinatspatzlen | F120: Hühnerhaxlen | G120: Pommes | H120: =IF(ISBLANK($B120),$W$53,IF(AND($B120=E120,$C120=F120,$D120=G120),$W$50,IF(AND($B120=E120,OR($C120=F120,$D120=G120)),$W$51+$W$52,IF(OR($B120=E120,AND($C120=F120,$D120=G120)),$W$51,IF(OR($C120=F120,$D120=G120),$W$52))))) -> FALSE | I120: Lasagne | J120: Wienerschnitzel | K120: Pommes | L120: =IF(ISBLANK($B120),$W$53,IF(AND($B120=I120,$C120=J120,$D120=K120),$W$50,IF(AND($B120=I120,OR($C120=J120,$D120=K120)),$W$51+$W$52,IF(OR($B120=I120,AND($C120=J120,$D120=K120)),$W$51,IF(OR($C120=J120,$D120=K120),$W$52))))) -> 1 | M120: Carbonara | N120: Truthahngeschnetzeltes | O120: Püree | P120: =IF(ISBLANK($B120),$W$53,IF(AND($B120=M120,$C120=N120,$D120=O120),$W$50,IF(AND($B120=M120,OR($C120=N120,$D120=O120)),$W$51+$W$52,IF(OR($B120=M120,AND($C120=N120,$D120=O120)),$W$51,IF(OR($C120=N120,$D120=O120),$W$52))))) -> FALSE | Q120: Hirten | R120: Hühnerbrust | S120: Spatzlen | T120: =IF(ISBLANK($B120),$W$53,IF(AND($B120=Q120,$C120=R120,$D120=S120),$W$50,IF(AND($B120=Q120,OR($C120=R120,$D120=S120)),$W$51+$W$52,IF(OR($B120=Q120,AND($C120=R120,$D120=S120)),$W$51,IF(OR($C120=R120,$D120=S120),$W$52))))) -> FALSE
A121: 46190 | B121: Nudel mit Tomatensoße und Mozzarella | C121: Cordon Bleu | D121: Kartoffelsalat | E121: Ravioli mit Parmesan-Butter | F121: Cordon Bleu | G121: Kartoffelsalat | H121: =IF(ISBLANK($B121),$W$53,IF(AND($B121=E121,$C121=F121,$D121=G121),$W$50,IF(AND($B121=E121,OR($C121=F121,$D121=G121)),$W$51+$W$52,IF(OR($B121=E121,AND($C121=F121,$D121=G121)),$W$51,IF(OR($C121=F121,$D121=G121),$W$52))))) -> 1 | I121: Schlutzer | J121: Leberkas | K121: Röstkartoffeln | L121: =IF(ISBLANK($B121),$W$53,IF(AND($B121=I121,$C121=J121,$D121=K121),$W$50,IF(AND($B121=I121,OR($C121=J121,$D121=K121)),$W$51+$W$52,IF(OR($B121=I121,AND($C121=J121,$D121=K121)),$W$51,IF(OR($C121=J121,$D121=K121),$W$52))))) -> FALSE | M121: Schlutzer | N121: Leberkas | O121: Kartoffelgratin | P121: =IF(ISBLANK($B121),$W$53,IF(AND($B121=M121,$C121=N121,$D121=O121),$W$50,IF(AND($B121=M121,OR($C121=N121,$D121=O121)),$W$51+$W$52,IF(OR($B121=M121,AND($C121=N121,$D121=O121)),$W$51,IF(OR($C121=N121,$D121=O121),$W$52))))) -> FALSE | Q121: Schlutzer | R121: Chilli con carne | S121: Pommes | T121: =IF(ISBLANK($B121),$W$53,IF(AND($B121=Q121,$C121=R121,$D121=S121),$W$50,IF(AND($B121=Q121,OR($C121=R121,$D121=S121)),$W$51+$W$52,IF(OR($B121=Q121,AND($C121=R121,$D121=S121)),$W$51,IF(OR($C121=R121,$D121=S121),$W$52))))) -> FALSE
A122: 46191 | B122: Spinatknödel mit Käsesoße | C122: Schweinsfilet | D122: Spatzlen | E122: Schlutzer | F122: Schweinsfilet | G122: Kroketten | H122: =IF(ISBLANK($B122),$W$53,IF(AND($B122=E122,$C122=F122,$D122=G122),$W$50,IF(AND($B122=E122,OR($C122=F122,$D122=G122)),$W$51+$W$52,IF(OR($B122=E122,AND($C122=F122,$D122=G122)),$W$51,IF(OR($C122=F122,$D122=G122),$W$52))))) -> 0.5 | I122: Reissalat | J122: Schweinsfilet | K122: Püree | L122: =IF(ISBLANK($B122),$W$53,IF(AND($B122=I122,$C122=J122,$D122=K122),$W$50,IF(AND($B122=I122,OR($C122=J122,$D122=K122)),$W$51+$W$52,IF(OR($B122=I122,AND($C122=J122,$D122=K122)),$W$51,IF(OR($C122=J122,$D122=K122),$W$52))))) -> 0.5 | M122: Hirten | N122: Truthahngeschnetzeltes | O122: Püree | P122: =IF(ISBLANK($B122),$W$53,IF(AND($B122=M122,$C122=N122,$D122=O122),$W$50,IF(AND($B122=M122,OR($C122=N122,$D122=O122)),$W$51+$W$52,IF(OR($B122=M122,AND($C122=N122,$D122=O122)),$W$51,IF(OR($C122=N122,$D122=O122),$W$52))))) -> FALSE | Q122: Hirten | R122: Hühnerbrust | S122: Reis | T122: =IF(ISBLANK($B122),$W$53,IF(AND($B122=Q122,$C122=R122,$D122=S122),$W$50,IF(AND($B122=Q122,OR($C122=R122,$D122=S122)),$W$51+$W$52,IF(OR($B122=Q122,AND($C122=R122,$D122=S122)),$W$51,IF(OR($C122=R122,$D122=S122),$W$52))))) -> FALSE
A123: 46192 | B123: Gnocchi mit Tomatensoße | C123: Zwiebelrostbraten | D123: Püree | E123: Carbonara | F123: Hühnerhaxlen | G123: Kartoffelgratin | H123: =IF(ISBLANK($B123),$W$53,IF(AND($B123=E123,$C123=F123,$D123=G123),$W$50,IF(AND($B123=E123,OR($C123=F123,$D123=G123)),$W$51+$W$52,IF(OR($B123=E123,AND($C123=F123,$D123=G123)),$W$51,IF(OR($C123=F123,$D123=G123),$W$52))))) -> FALSE | I123: Hirten | J123: Leberkas | K123: Röstkartoffeln | L123: =IF(ISBLANK($B123),$W$53,IF(AND($B123=I123,$C123=J123,$D123=K123),$W$50,IF(AND($B123=I123,OR($C123=J123,$D123=K123)),$W$51+$W$52,IF(OR($B123=I123,AND($C123=J123,$D123=K123)),$W$51,IF(OR($C123=J123,$D123=K123),$W$52))))) -> FALSE | M123: Carbonara | N123: Leberkas | O123: Röstkartoffeln | P123: =IF(ISBLANK($B123),$W$53,IF(AND($B123=M123,$C123=N123,$D123=O123),$W$50,IF(AND($B123=M123,OR($C123=N123,$D123=O123)),$W$51+$W$52,IF(OR($B123=M123,AND($C123=N123,$D123=O123)),$W$51,IF(OR($C123=N123,$D123=O123),$W$52))))) -> FALSE | Q123: Schlutzer | R123: Leberkas | S123: Röstkartoffeln | T123: =IF(ISBLANK($B123),$W$53,IF(AND($B123=Q123,$C123=R123,$D123=S123),$W$50,IF(AND($B123=Q123,OR($C123=R123,$D123=S123)),$W$51+$W$52,IF(OR($B123=Q123,AND($C123=R123,$D123=S123)),$W$51,IF(OR($C123=R123,$D123=S123),$W$52))))) -> FALSE
A124: 46195 | B124: Hirten | C124: Truthahnschnitzel | D124: Pommes | E124: Nudel mit Käsesoße | F124: Champignonschnitzel | G124: Reis | H124: =IF(ISBLANK($B124),$W$53,IF(AND($B124=E124,$C124=F124,$D124=G124),$W$50,IF(AND($B124=E124,OR($C124=F124,$D124=G124)),$W$51+$W$52,IF(OR($B124=E124,AND($C124=F124,$D124=G124)),$W$51,IF(OR($C124=F124,$D124=G124),$W$52))))) -> FALSE | I124: =CHOOSE(MATCH(MAX(SUM(H$9:$H123), SUM(P$9:$P123), SUM(T$9:$T123)),CHOOSE({1;2;3}, SUM(H$9:$H123), SUM(P$9:$P123), SUM(T$9:$T123)),0),E124,M124,Q124) -> Nudel mit Käsesoße | J124: =CHOOSE(MATCH(MAX(SUM($H$9:H123), SUM($P$9:P123), SUM($T$9:T123)),CHOOSE({1;2;3}, SUM($H$9:H123), SUM($P$9:P123), SUM($T$9:T123)),0),F124,N124,R124) -> Champignonschnitzel | K124: =CHOOSE(MATCH(MAX(SUM($H$9:H123), SUM($P$9:P123), SUM($T$9:T123)),CHOOSE({1;2;3}, SUM($H$9:H123), SUM($P$9:P123), SUM($T$9:T123)),0),G124,O124,S124) -> Reis | L124: =IF(ISBLANK($B124),$W$53,IF(AND($B124=I124,$C124=J124,$D124=K124),$W$50,IF(AND($B124=I124,OR($C124=J124,$D124=K124)),$W$51+$W$52,IF(OR($B124=I124,AND($C124=J124,$D124=K124)),$W$51,IF(OR($C124=J124,$D124=K124),$W$52))))) -> FALSE | M124: Amatriciana | N124: Champignonschnitzel | O124: Reis | P124: =IF(ISBLANK($B124),$W$53,IF(AND($B124=M124,$C124=N124,$D124=O124),$W$50,IF(AND($B124=M124,OR($C124=N124,$D124=O124)),$W$51+$W$52,IF(OR($B124=M124,AND($C124=N124,$D124=O124)),$W$51,IF(OR($C124=N124,$D124=O124),$W$52))))) -> FALSE | Q124: Arrabbiata | R124: Chilli con carne | S124: Reis | T124: =IF(ISBLANK($B124),$W$53,IF(AND($B124=Q124,$C124=R124,$D124=S124),$W$50,IF(AND($B124=Q124,OR($C124=R124,$D124=S124)),$W$51+$W$52,IF(OR($B124=Q124,AND($C124=R124,$D124=S124)),$W$51,IF(OR($C124=R124,$D124=S124),$W$52))))) -> FALSE
A125: 46196 | B125: Nudel mit Pesto | C125: Schweinschnitzel | D125: Bratkartoffeln | E125: Amatriciana | F125: Schweinschopf | G125: Spatzlen | H125: =IF(ISBLANK($B125),$W$53,IF(AND($B125=E125,$C125=F125,$D125=G125),$W$50,IF(AND($B125=E125,OR($C125=F125,$D125=G125)),$W$51+$W$52,IF(OR($B125=E125,AND($C125=F125,$D125=G125)),$W$51,IF(OR($C125=F125,$D125=G125),$W$52))))) -> FALSE | I125: =CHOOSE(MATCH(MAX(SUM(H$9:$H124), SUM(P$9:$P124), SUM(T$9:$T124)),CHOOSE({1;2;3}, SUM(H$9:$H124), SUM(P$9:$P124), SUM(T$9:$T124)),0),E125,M125,Q125) -> Amatriciana | J125: =CHOOSE(MATCH(MAX(SUM($H$9:H124), SUM($P$9:P124), SUM($T$9:T124)),CHOOSE({1;2;3}, SUM($H$9:H124), SUM($P$9:P124), SUM($T$9:T124)),0),F125,N125,R125) -> Schweinschopf | K125: =CHOOSE(MATCH(MAX(SUM($H$9:H124), SUM($P$9:P124), SUM($T$9:T124)),CHOOSE({1;2;3}, SUM($H$9:H124), SUM($P$9:P124), SUM($T$9:T124)),0),G125,O125,S125) -> Spatzlen | L125: =IF(ISBLANK($B125),$W$53,IF(AND($B125=I125,$C125=J125,$D125=K125),$W$50,IF(AND($B125=I125,OR($C125=J125,$D125=K125)),$W$51+$W$52,IF(OR($B125=I125,AND($C125=J125,$D125=K125)),$W$51,IF(OR($C125=J125,$D125=K125),$W$52))))) -> FALSE | M125: =CHOOSE(MATCH(MAX(SUM($H$9:H124), SUM($L$9:L124), SUM($T$9:T124)),CHOOSE({1;2;3}, SUM($H$9:H124), SUM($L$9:L124), SUM($T$9:T124)),0),E125,I125,Q125) -> Amatriciana | N125: =CHOOSE(MATCH(MAX(SUM($H$9:H124), SUM($L$9:L124), SUM($T$9:T124)),CHOOSE({1;2;3}, SUM($H$9:H124), SUM($L$9:L124), SUM($T$9:T124)),0),F125,J125,R125) -> Schweinschopf | O125: =CHOOSE(MATCH(MAX(SUM($H$9:H124), SUM($L$9:L124), SUM($T$9:T124)),CHOOSE({1;2;3}, SUM($H$9:H124), SUM($L$9:L124), SUM($T$9:T124)),0),G125,K125,S125) -> Spatzlen | P125: =IF(ISBLANK($B125),$W$53,IF(AND($B125=M125,$C125=N125,$D125=O125),$W$50,IF(AND($B125=M125,OR($C125=N125,$D125=O125)),$W$51+$W$52,IF(OR($B125=M125,AND($C125=N125,$D125=O125)),$W$51,IF(OR($C125=N125,$D125=O125),$W$52))))) -> FALSE | Q125: Lasagne | R125: Currywurst | S125: Bratkartoffeln | T125: =IF(ISBLANK($B125),$W$53,IF(AND($B125=Q125,$C125=R125,$D125=S125),$W$50,IF(AND($B125=Q125,OR($C125=R125,$D125=S125)),$W$51+$W$52,IF(OR($B125=Q125,AND($C125=R125,$D125=S125)),$W$51,IF(OR($C125=R125,$D125=S125),$W$52))))) -> 0.5
A126: 46197 | B126: Pizza | C126: Truthahngeschnetzeltes | D126: Reis | E126: Ravioli mit Parmesan-Butter | F126: Chilli con carne | G126: Reis | H126: =IF(ISBLANK($B126),$W$53,IF(AND($B126=E126,$C126=F126,$D126=G126),$W$50,IF(AND($B126=E126,OR($C126=F126,$D126=G126)),$W$51+$W$52,IF(OR($B126=E126,AND($C126=F126,$D126=G126)),$W$51,IF(OR($C126=F126,$D126=G126),$W$52))))) -> 0.5 | I126: =CHOOSE(MATCH(MAX(SUM(H$9:$H125), SUM(P$9:$P125), SUM(T$9:$T125)),CHOOSE({1;2;3}, SUM(H$9:$H125), SUM(P$9:$P125), SUM(T$9:$T125)),0),E126,M126,Q126) -> Ravioli mit Parmesan-Butter | J126: =CHOOSE(MATCH(MAX(SUM($H$9:H125), SUM($P$9:P125), SUM($T$9:T125)),CHOOSE({1;2;3}, SUM($H$9:H125), SUM($P$9:P125), SUM($T$9:T125)),0),F126,N126,R126) -> Chilli con carne | K126: =CHOOSE(MATCH(MAX(SUM($H$9:H125), SUM($P$9:P125), SUM($T$9:T125)),CHOOSE({1;2;3}, SUM($H$9:H125), SUM($P$9:P125), SUM($T$9:T125)),0),G126,O126,S126) -> Reis | L126: =IF(ISBLANK($B126),$W$53,IF(AND($B126=I126,$C126=J126,$D126=K126),$W$50,IF(AND($B126=I126,OR($C126=J126,$D126=K126)),$W$51+$W$52,IF(OR($B126=I126,AND($C126=J126,$D126=K126)),$W$51,IF(OR($C126=J126,$D126=K126),$W$52))))) -> 0.5 | M126: =CHOOSE(MATCH(MAX(SUM($H$9:H125), SUM($L$9:L125), SUM($T$9:T125)),CHOOSE({1;2;3}, SUM($H$9:H125), SUM($L$9:L125), SUM($T$9:T125)),0),E126,I126,Q126) -> Ravioli mit Parmesan-Butter | N126: =CHOOSE(MATCH(MAX(SUM($H$9:H125), SUM($L$9:L125), SUM($T$9:T125)),CHOOSE({1;2;3}, SUM($H$9:H125), SUM($L$9:L125), SUM($T$9:T125)),0),F126,J126,R126) -> Chilli con carne | O126: =CHOOSE(MATCH(MAX(SUM($H$9:H125), SUM($L$9:L125), SUM($T$9:T125)),CHOOSE({1;2;3}, SUM($H$9:H125), SUM($L$9:L125), SUM($T$9:T125)),0),G126,K126,S126) -> Reis | P126: =IF(ISBLANK($B126),$W$53,IF(AND($B126=M126,$C126=N126,$D126=O126),$W$50,IF(AND($B126=M126,OR($C126=N126,$D126=O126)),$W$51+$W$52,IF(OR($B126=M126,AND($C126=N126,$D126=O126)),$W$51,IF(OR($C126=N126,$D126=O126),$W$52))))) -> 0.5 | Q126: Ravioli mit Parmesan-Butter | R126: Pizzaioloschnitzel | S126: Kartoffelsalat | T126: =IF(ISBLANK($B126),$W$53,IF(AND($B126=Q126,$C126=R126,$D126=S126),$W$50,IF(AND($B126=Q126,OR($C126=R126,$D126=S126)),$W$51+$W$52,IF(OR($B126=Q126,AND($C126=R126,$D126=S126)),$W$51,IF(OR($C126=R126,$D126=S126),$W$52))))) -> FALSE
A127: 46198 | B127: Arrabbiata | C127: Leberkas | D127: Röstkartoffeln | E127: Nudel mit Käsesoße | F127: Schweinsfilet | G127: Kroketten | H127: =IF(ISBLANK($B127),$W$53,IF(AND($B127=E127,$C127=F127,$D127=G127),$W$50,IF(AND($B127=E127,OR($C127=F127,$D127=G127)),$W$51+$W$52,IF(OR($B127=E127,AND($C127=F127,$D127=G127)),$W$51,IF(OR($C127=F127,$D127=G127),$W$52))))) -> FALSE | I127: =CHOOSE(MATCH(MAX(SUM(H$9:$H126), SUM(P$9:$P126), SUM(T$9:$T126)),CHOOSE({1;2;3}, SUM(H$9:$H126), SUM(P$9:$P126), SUM(T$9:$T126)),0),E127,M127,Q127) -> Nudel mit Käsesoße | J127: =CHOOSE(MATCH(MAX(SUM($H$9:H126), SUM($P$9:P126), SUM($T$9:T126)),CHOOSE({1;2;3}, SUM($H$9:H126), SUM($P$9:P126), SUM($T$9:T126)),0),F127,N127,R127) -> Schweinsfilet | K127: =CHOOSE(MATCH(MAX(SUM($H$9:H126), SUM($P$9:P126), SUM($T$9:T126)),CHOOSE({1;2;3}, SUM($H$9:H126), SUM($P$9:P126), SUM($T$9:T126)),0),G127,O127,S127) -> Kroketten | L127: =IF(ISBLANK($B127),$W$53,IF(AND($B127=I127,$C127=J127,$D127=K127),$W$50,IF(AND($B127=I127,OR($C127=J127,$D127=K127)),$W$51+$W$52,IF(OR($B127=I127,AND($C127=J127,$D127=K127)),$W$51,IF(OR($C127=J127,$D127=K127),$W$52))))) -> FALSE | M127: =CHOOSE(MATCH(MAX(SUM($H$9:H126), SUM($L$9:L126), SUM($T$9:T126)),CHOOSE({1;2;3}, SUM($H$9:H126), SUM($L$9:L126), SUM($T$9:T126)),0),E127,I127,Q127) -> Nudel mit Käsesoße | N127: =CHOOSE(MATCH(MAX(SUM($H$9:H126), SUM($L$9:L126), SUM($T$9:T126)),CHOOSE({1;2;3}, SUM($H$9:H126), SUM($L$9:L126), SUM($T$9:T126)),0),F127,J127,R127) -> Schweinsfilet | O127: =CHOOSE(MATCH(MAX(SUM($H$9:H126), SUM($L$9:L126), SUM($T$9:T126)),CHOOSE({1;2;3}, SUM($H$9:H126), SUM($L$9:L126), SUM($T$9:T126)),0),G127,K127,S127) -> Kroketten | P127: =IF(ISBLANK($B127),$W$53,IF(AND($B127=M127,$C127=N127,$D127=O127),$W$50,IF(AND($B127=M127,OR($C127=N127,$D127=O127)),$W$51+$W$52,IF(OR($B127=M127,AND($C127=N127,$D127=O127)),$W$51,IF(OR($C127=N127,$D127=O127),$W$52))))) -> FALSE | Q127: Nudel Mammarosa | R127: Hühnerbrust | S127: Spatzlen | T127: =IF(ISBLANK($B127),$W$53,IF(AND($B127=Q127,$C127=R127,$D127=S127),$W$50,IF(AND($B127=Q127,OR($C127=R127,$D127=S127)),$W$51+$W$52,IF(OR($B127=Q127,AND($C127=R127,$D127=S127)),$W$51,IF(OR($C127=R127,$D127=S127),$W$52))))) -> FALSE
...

Sheet Regelwerk
A1: Regelwerk des Tippspiels
A2: 1. | B2: Alle Tipps betreffen das Arbeiter-Mittagsmenü folgender Einrichtung: Hotel Schönwies Hauptstraße 19 - 39040 Truden in Naturpark Provinz Bozen - Italien Tel. +39 0471 869 555 Email: info@schönwies.it IT02992970216 | C2: =_xlfn.TRANSLATE(B2,"de","it") -> Tutti i consigli riguardano il menù pranzo dei lavoratori della seguente istituzione: Hotel Schönwies Hauptstraße 19 - 39040 Trodena nel Parco Naturale Provincia di Bolzano - Italia Tel. +39 0471 869 555 Email: info@schönwies.it IT02992970216
A3: 2. | B3: Firmenessen oder vergleichbare betriebliche Veranstaltungen sind ausdrücklich vom Tippspiel ausgeschlossen. | C3: =_xlfn.TRANSLATE(B3,"de","it") -> Le cene aziendali o eventi simili sono espressamente esclusi dal gioco delle scommesse.
A4: 3. | B4: Tipps können ausschließlich bis spätestens 12:00 Uhr des jeweiligen Kalendertages abgegeben werden. Nach diesem Zeitpunkt eingehende Tipps werden nicht berücksichtigt. | C4: =_xlfn.TRANSLATE(B4,"de","it") -> Le scommesse possono essere inviate solo entro mezzogiorno del giorno calendario rispettivo al più tardi. Le scommesse ricevute dopo questo orario non saranno considerate.
A5: 4. | B5: Dasselbe Gericht darf innerhalb eines Zeitraums von einer Arbeitswoche höchstens zweimal getippt werden; eine Tippabgabe an aufeinanderfolgenden Tagen ist dabei unzulässig und werden nicht berücksichtigt. | C5: =_xlfn.TRANSLATE(B5,"de","it") -> Lo stesso piatto può essere lasciato un massimo di due volte in un periodo di una settimana lavorativa; scommettere su giorni consecutivi non è permesso e non verrà preso in considerazione.
A6: 5. | B6: Für Vorspeise, Hauptspeise und Beilage darf je nur ein Gericht getippt werden. | C6: =_xlfn.TRANSLATE(B6,"de","it") -> Per antipasto, piatto principale e contorno, si può indovinare un solo piatto ciascuno.
A7: 6. | B7: Die Tippabgabe erfolgt ohne Einsicht der Tipps anderer Mitspieler und darf nach Einsichtnahme in die anderen Tipps nicht mehr angepasst werden. Zudem ist das bewusste Kopieren der Tipps anderer untersagt. | C7: =_xlfn.TRANSLATE(B7,"de","it") -> Le scommesse vengono effettuate senza vedere i consigli degli altri giocatori e non possono essere modificate dopo aver visto gli altri consigli. Inoltre, è vietato copiare deliberatamente i consigli degli altri.
A8: 7. | B8: Sollte ein Teilnehmer nicht anwesend sein, z.B. Urlaub, können Tipps auch von anderen Teilnehmern kopiert werden. | C8: =_xlfn.TRANSLATE(B8,"de","it") -> Se un partecipante non è presente, ad esempio in vacanza, anche altri partecipanti possono copiare le mance.
A9: 8. | B9: Sollte ein Teilnehmer nicht anwesend sein, z.B. Urlaub, können Tipps unter Einhaltung des Regelwerks auch über telematischen Wege den Mitteilnehmern mitgeteilt werden. | C9: =_xlfn.TRANSLATE(B9,"de","it") -> Se un partecipante non è presente, ad esempio in vacanza, le segnalazioni possono essere comunicate anche agli altri partecipanti tramite canali telematici in conformità con le regole.
A10: 9. | B10: Die Punktevergabe erfolgt nach folgendem Schema: | C10: =_xlfn.TRANSLATE(B10,"de","it") -> I punti vengono assegnati secondo il seguente schema:
A11: 9.1 | B11: Für die korrekte Angabe einer der angebotenen Vorspeisen wird ein (1) Punkt vergeben. | C11: =_xlfn.TRANSLATE(B11,"de","it") -> Un (1) punto verrà assegnato per la corretta indicazione di uno degli antipasti offerti.
A12: 9.2 | B12: Für die korrekte Angabe einer der angebotenen Hauptspeisen bzw. Beilagen werden jeweils (0,5) Punkte vergeben. | C12: =_xlfn.TRANSLATE(B12,"de","it") -> Per indicare correttamente uno dei piatti principali o contorni offerti, vengono assegnati (0,5) punti in ogni caso.
A13: 9.3 | B13: Für die vollständige und korrekte Angabe des gesamten Menüs werden insgesamt drei (3) Punkte vergeben. | C13: =_xlfn.TRANSLATE(B13,"de","it") -> Un totale di tre (3) punti saranno assegnati per l'indicazione completa e corretta dell'intero menù.
... A18: 9.8 | B18: Getippt werden nur fertige Gerichte, Bestandteile eines Gericht werden nicht berücksichtigt. | C18: =_xlfn.TRANSLATE(B18,"de","it") -> Solo i piatti pronti vengono versati, i componenti del piatto non vengono considerati.
A19: 10.
A20: 11. | B20: Das Tippspiel endet mit Ablauf des letzten Arbeitstages des Jahres, spätestens am 23.12. des entsprechenden Kalenderjahres um 12:00 Uhr. | C20: =_xlfn.TRANSLATE(B20,"de","it") -> Il gioco di scommesse termina alla fine dell'ultimo giorno lavorativo dell'anno, al più tardi il 23.12 dell'anno solare corrispondente alle 12:00.
A21: 12. | B21: Als Gewinner gilt derjenige Teilnehmer, der bis zum vorgenannten Stichtag die höchste Gesamtpunktzahl erzielt hat. | C21: =_xlfn.TRANSLATE(B21,"de","it") -> Il vincitore è il partecipante che ha raggiunto il maggior numero totale di punti entro la scadenza menzionata.
A22: 13. | B22: Die Seik GmbH steht in keinerlei rechtlicher, wirtschaftlicher oder organisatorischer Verbindung zu diesem Tippspiel. | C22: =_xlfn.TRANSLATE(B22,"de","it") -> Seik GmbH non ha alcun legame legale, economico o organizzativo con questo gioco di scommesse.
A23: 14. | B23: Der Rechtsweg ist ausgeschlossen. | C23: =_xlfn.TRANSLATE(B23,"de","it") -> È escluso il ricorso legale.
A24: 15. | B24: Mit der Teilnahme am Tippspiel erkennt der Teilnehmer diese Teilnahmebedingungen als verbindlich an und erklärt sich mit deren Geltung ausdrücklich einverstanden. | C24: =_xlfn.TRANSLATE(B24,"de","it") -> Partecipando al gioco di scommesse, il partecipante riconosce questi termini e condizioni di partecipazione come vincolanti e ne accetta espressamente la validità.
A25: 16.
A26: 17. | B26: Für den unwahrscheinlichen Fall, dass es "Lachsforelle" geben sollte, wird hiermit darauf hingewiesen, dass dieses Gericht, aufgrund der biologischen Grundlagen, allgemein als Forelle gehandelt wird. | C26: =_xlfn.TRANSLATE(B26,"de","it") -> Nel caso improbabile che esista la "trota salmone", si sottolinea che questo piatto viene generalmente scambiato come trota a causa della sua base biologica.
A27: 18. | B27: Jegliche Regeländerung muss von einer 2/3-Mehrheit der Teilnehmer genehmigt werden. | C27: =_xlfn.TRANSLATE(B27,"de","it") -> Qualsiasi modifica alle regole deve essere approvata da una maggioranza di 2/3 dei partecipanti.
A28: 19. | B28: Willkürliche Punktabzuüge bzw. Punktergänzungen sind nicht erlaubt. | C28: =_xlfn.TRANSLATE(B28,"de","it") -> Non sono permesse detrazioni o aggiunte di punti arbitrarie.
A29: 20. | B29: Die Korrektheit der Tippabgabe liegt in der Verantwortung eines jeden Mitspielers. | C29: =_xlfn.TRANSLATE(B29,"de","it") -> La correttezza della voce è responsabilità di ciascun giocatore.
